,Observation,date,lat,lon,station,Forecast
0,361.0,2020-09-12 10:45:00-06:00,44.08242,-115.61313,South Fork Payette at Lowman,
1,361.0,2020-09-12 11:00:00-06:00,44.08242,-115.61313,South Fork Payette at Lowman,
2,361.0,2020-09-12 11:15:00-06:00,44.08242,-115.61313,South Fork Payette at Lowman,
3,361.0,2020-09-12 11:30:00-06:00,44.08242,-115.61313,South Fork Payette at Lowman,
4,361.0,2020-09-12 11:45:00-06:00,44.08242,-115.61313,South Fork Payette at Lowman,
5,361.0,2020-09-12 12:00:00-06:00,44.08242,-115.61313,South Fork Payette at Lowman,
6,367.0,2020-09-12 12:15:00-06:00,44.08242,-115.61313,South Fork Payette at Lowman,
7,367.0,2020-09-12 12:30:00-06:00,44.08242,-115.61313,South Fork Payette at Lowman,
8,361.0,2020-09-12 12:45:00-06:00,44.08242,-115.61313,South Fork Payette at Lowman,
9,361.0,2020-09-12 13:00:00-06:00,44.08242,-115.61313,South Fork Payette at Lowman,
10,367.0,2020-09-12 13:15:00-06:00,44.08242,-115.61313,South Fork Payette at Lowman,
11,361.0,2020-09-12 13:30:00-06:00,44.08242,-115.61313,South Fork Payette at Lowman,
12,367.0,2020-09-12 13:45:00-06:00,44.08242,-115.61313,South Fork Payette at Lowman,
13,361.0,2020-09-12 14:00:00-06:00,44.08242,-115.61313,South Fork Payette at Lowman,
14,367.0,2020-09-12 14:15:00-06:00,44.08242,-115.61313,South Fork Payette at Lowman,
15,367.0,2020-09-12 14:30:00-06:00,44.08242,-115.61313,South Fork Payette at Lowman,
16,367.0,2020-09-12 14:45:00-06:00,44.08242,-115.61313,South Fork Payette at Lowman,
17,367.0,2020-09-12 15:00:00-06:00,44.08242,-115.61313,South Fork Payette at Lowman,
18,361.0,2020-09-12 15:15:00-06:00,44.08242,-115.61313,South Fork Payette at Lowman,
19,361.0,2020-09-12 15:30:00-06:00,44.08242,-115.61313,South Fork Payette at Lowman,
20,361.0,2020-09-12 15:45:00-06:00,44.08242,-115.61313,South Fork Payette at Lowman,
21,367.0,2020-09-12 16:00:00-06:00,44.08242,-115.61313,South Fork Payette at Lowman,
22,367.0,2020-09-12 16:15:00-06:00,44.08242,-115.61313,South Fork Payette at Lowman,
23,367.0,2020-09-12 16:30:00-06:00,44.08242,-115.61313,South Fork Payette at Lowman,
24,361.0,2020-09-12 16:45:00-06:00,44.08242,-115.61313,South Fork Payette at Lowman,
25,367.0,2020-09-12 17:00:00-06:00,44.08242,-115.61313,South Fork Payette at Lowman,
26,367.0,2020-09-12 17:15:00-06:00,44.08242,-115.61313,South Fork Payette at Lowman,
27,367.0,2020-09-12 17:30:00-06:00,44.08242,-115.61313,South Fork Payette at Lowman,
28,367.0,2020-09-12 17:45:00-06:00,44.08242,-115.61313,South Fork Payette at Lowman,
29,367.0,2020-09-12 18:00:00-06:00,44.08242,-115.61313,South Fork Payette at Lowman,
30,367.0,2020-09-12 18:15:00-06:00,44.08242,-115.61313,South Fork Payette at Lowman,
31,367.0,2020-09-12 18:30:00-06:00,44.08242,-115.61313,South Fork Payette at Lowman,
32,361.0,2020-09-12 18:45:00-06:00,44.08242,-115.61313,South Fork Payette at Lowman,
33,361.0,2020-09-12 19:00:00-06:00,44.08242,-115.61313,South Fork Payette at Lowman,
34,361.0,2020-09-12 19:15:00-06:00,44.08242,-115.61313,South Fork Payette at Lowman,
35,361.0,2020-09-12 19:30:00-06:00,44.08242,-115.61313,South Fork Payette at Lowman,
36,361.0,2020-09-12 19:45:00-06:00,44.08242,-115.61313,South Fork Payette at Lowman,
37,361.0,2020-09-12 20:00:00-06:00,44.08242,-115.61313,South Fork Payette at Lowman,
38,361.0,2020-09-12 20:15:00-06:00,44.08242,-115.61313,South Fork Payette at Lowman,
39,355.0,2020-09-12 20:30:00-06:00,44.08242,-115.61313,South Fork Payette at Lowman,
40,361.0,2020-09-12 20:45:00-06:00,44.08242,-115.61313,South Fork Payette at Lowman,
41,355.0,2020-09-12 21:00:00-06:00,44.08242,-115.61313,South Fork Payette at Lowman,
42,361.0,2020-09-12 21:15:00-06:00,44.08242,-115.61313,South Fork Payette at Lowman,
43,361.0,2020-09-12 21:30:00-06:00,44.08242,-115.61313,South Fork Payette at Lowman,
44,355.0,2020-09-12 21:45:00-06:00,44.08242,-115.61313,South Fork Payette at Lowman,
45,355.0,2020-09-12 22:00:00-06:00,44.08242,-115.61313,South Fork Payette at Lowman,
46,355.0,2020-09-12 22:15:00-06:00,44.08242,-115.61313,South Fork Payette at Lowman,
47,355.0,2020-09-12 22:30:00-06:00,44.08242,-115.61313,South Fork Payette at Lowman,
48,355.0,2020-09-12 22:45:00-06:00,44.08242,-115.61313,South Fork Payette at Lowman,
49,349.0,2020-09-12 23:00:00-06:00,44.08242,-115.61313,South Fork Payette at Lowman,
50,355.0,2020-09-12 23:15:00-06:00,44.08242,-115.61313,South Fork Payette at Lowman,
51,349.0,2020-09-12 23:30:00-06:00,44.08242,-115.61313,South Fork Payette at Lowman,
52,349.0,2020-09-12 23:45:00-06:00,44.08242,-115.61313,South Fork Payette at Lowman,
53,349.0,2020-09-13 00:00:00-06:00,44.08242,-115.61313,South Fork Payette at Lowman,
54,349.0,2020-09-13 00:15:00-06:00,44.08242,-115.61313,South Fork Payette at Lowman,
55,355.0,2020-09-13 00:30:00-06:00,44.08242,-115.61313,South Fork Payette at Lowman,
56,349.0,2020-09-13 00:45:00-06:00,44.08242,-115.61313,South Fork Payette at Lowman,
57,349.0,2020-09-13 01:00:00-06:00,44.08242,-115.61313,South Fork Payette at Lowman,
58,349.0,2020-09-13 01:15:00-06:00,44.08242,-115.61313,South Fork Payette at Lowman,
59,349.0,2020-09-13 01:30:00-06:00,44.08242,-115.61313,South Fork Payette at Lowman,
60,349.0,2020-09-13 01:45:00-06:00,44.08242,-115.61313,South Fork Payette at Lowman,
61,349.0,2020-09-13 02:00:00-06:00,44.08242,-115.61313,South Fork Payette at Lowman,
62,349.0,2020-09-13 02:15:00-06:00,44.08242,-115.61313,South Fork Payette at Lowman,
63,349.0,2020-09-13 02:30:00-06:00,44.08242,-115.61313,South Fork Payette at Lowman,
64,349.0,2020-09-13 02:45:00-06:00,44.08242,-115.61313,South Fork Payette at Lowman,
65,349.0,2020-09-13 03:00:00-06:00,44.08242,-115.61313,South Fork Payette at Lowman,
66,349.0,2020-09-13 03:15:00-06:00,44.08242,-115.61313,South Fork Payette at Lowman,
67,349.0,2020-09-13 03:30:00-06:00,44.08242,-115.61313,South Fork Payette at Lowman,
68,349.0,2020-09-13 03:45:00-06:00,44.08242,-115.61313,South Fork Payette at Lowman,
69,349.0,2020-09-13 04:00:00-06:00,44.08242,-115.61313,South Fork Payette at Lowman,
70,349.0,2020-09-13 04:15:00-06:00,44.08242,-115.61313,South Fork Payette at Lowman,
71,355.0,2020-09-13 04:30:00-06:00,44.08242,-115.61313,South Fork Payette at Lowman,
72,355.0,2020-09-13 04:45:00-06:00,44.08242,-115.61313,South Fork Payette at Lowman,
73,355.0,2020-09-13 05:00:00-06:00,44.08242,-115.61313,South Fork Payette at Lowman,
74,349.0,2020-09-13 05:15:00-06:00,44.08242,-115.61313,South Fork Payette at Lowman,
75,349.0,2020-09-13 05:30:00-06:00,44.08242,-115.61313,South Fork Payette at Lowman,
76,355.0,2020-09-13 05:45:00-06:00,44.08242,-115.61313,South Fork Payette at Lowman,
77,355.0,2020-09-13 06:00:00-06:00,44.08242,-115.61313,South Fork Payette at Lowman,
78,349.0,2020-09-13 06:15:00-06:00,44.08242,-115.61313,South Fork Payette at Lowman,
79,355.0,2020-09-13 06:30:00-06:00,44.08242,-115.61313,South Fork Payette at Lowman,
80,355.0,2020-09-13 06:45:00-06:00,44.08242,-115.61313,South Fork Payette at Lowman,
81,355.0,2020-09-13 07:00:00-06:00,44.08242,-115.61313,South Fork Payette at Lowman,
82,355.0,2020-09-13 07:15:00-06:00,44.08242,-115.61313,South Fork Payette at Lowman,
83,355.0,2020-09-13 07:30:00-06:00,44.08242,-115.61313,South Fork Payette at Lowman,
84,355.0,2020-09-13 07:45:00-06:00,44.08242,-115.61313,South Fork Payette at Lowman,
85,349.0,2020-09-13 08:00:00-06:00,44.08242,-115.61313,South Fork Payette at Lowman,
86,355.0,2020-09-13 08:15:00-06:00,44.08242,-115.61313,South Fork Payette at Lowman,
87,355.0,2020-09-13 08:30:00-06:00,44.08242,-115.61313,South Fork Payette at Lowman,
88,355.0,2020-09-13 08:45:00-06:00,44.08242,-115.61313,South Fork Payette at Lowman,
89,355.0,2020-09-13 09:00:00-06:00,44.08242,-115.61313,South Fork Payette at Lowman,
90,355.0,2020-09-13 09:15:00-06:00,44.08242,-115.61313,South Fork Payette at Lowman,
91,361.0,2020-09-13 09:30:00-06:00,44.08242,-115.61313,South Fork Payette at Lowman,
92,361.0,2020-09-13 09:45:00-06:00,44.08242,-115.61313,South Fork Payette at Lowman,
93,361.0,2020-09-13 10:00:00-06:00,44.08242,-115.61313,South Fork Payette at Lowman,
94,361.0,2020-09-13 10:15:00-06:00,44.08242,-115.61313,South Fork Payette at Lowman,
95,361.0,2020-09-13 10:30:00-06:00,44.08242,-115.61313,South Fork Payette at Lowman,
96,361.0,2020-09-13 10:45:00-06:00,44.08242,-115.61313,South Fork Payette at Lowman,
97,361.0,2020-09-13 11:00:00-06:00,44.08242,-115.61313,South Fork Payette at Lowman,
98,361.0,2020-09-13 11:15:00-06:00,44.08242,-115.61313,South Fork Payette at Lowman,
99,361.0,2020-09-13 11:30:00-06:00,44.08242,-115.61313,South Fork Payette at Lowman,
100,361.0,2020-09-13 11:45:00-06:00,44.08242,-115.61313,South Fork Payette at Lowman,
101,361.0,2020-09-13 12:00:00-06:00,44.08242,-115.61313,South Fork Payette at Lowman,
102,361.0,2020-09-13 12:15:00-06:00,44.08242,-115.61313,South Fork Payette at Lowman,
103,361.0,2020-09-13 12:30:00-06:00,44.08242,-115.61313,South Fork Payette at Lowman,
104,361.0,2020-09-13 12:45:00-06:00,44.08242,-115.61313,South Fork Payette at Lowman,
105,361.0,2020-09-13 13:00:00-06:00,44.08242,-115.61313,South Fork Payette at Lowman,
106,361.0,2020-09-13 13:15:00-06:00,44.08242,-115.61313,South Fork Payette at Lowman,
107,361.0,2020-09-13 13:30:00-06:00,44.08242,-115.61313,South Fork Payette at Lowman,
108,367.0,2020-09-13 13:45:00-06:00,44.08242,-115.61313,South Fork Payette at Lowman,
109,361.0,2020-09-13 14:00:00-06:00,44.08242,-115.61313,South Fork Payette at Lowman,
110,361.0,2020-09-13 14:15:00-06:00,44.08242,-115.61313,South Fork Payette at Lowman,
111,367.0,2020-09-13 14:30:00-06:00,44.08242,-115.61313,South Fork Payette at Lowman,
112,367.0,2020-09-13 14:45:00-06:00,44.08242,-115.61313,South Fork Payette at Lowman,
113,367.0,2020-09-13 15:00:00-06:00,44.08242,-115.61313,South Fork Payette at Lowman,
114,367.0,2020-09-13 15:15:00-06:00,44.08242,-115.61313,South Fork Payette at Lowman,
115,367.0,2020-09-13 15:30:00-06:00,44.08242,-115.61313,South Fork Payette at Lowman,
116,367.0,2020-09-13 15:45:00-06:00,44.08242,-115.61313,South Fork Payette at Lowman,
117,361.0,2020-09-13 16:00:00-06:00,44.08242,-115.61313,South Fork Payette at Lowman,
118,367.0,2020-09-13 16:15:00-06:00,44.08242,-115.61313,South Fork Payette at Lowman,
119,361.0,2020-09-13 16:30:00-06:00,44.08242,-115.61313,South Fork Payette at Lowman,
120,361.0,2020-09-13 16:45:00-06:00,44.08242,-115.61313,South Fork Payette at Lowman,
121,361.0,2020-09-13 17:00:00-06:00,44.08242,-115.61313,South Fork Payette at Lowman,
122,367.0,2020-09-13 17:15:00-06:00,44.08242,-115.61313,South Fork Payette at Lowman,
123,367.0,2020-09-13 17:30:00-06:00,44.08242,-115.61313,South Fork Payette at Lowman,
124,361.0,2020-09-13 17:45:00-06:00,44.08242,-115.61313,South Fork Payette at Lowman,
125,367.0,2020-09-13 18:00:00-06:00,44.08242,-115.61313,South Fork Payette at Lowman,
126,367.0,2020-09-13 18:15:00-06:00,44.08242,-115.61313,South Fork Payette at Lowman,
127,361.0,2020-09-13 18:30:00-06:00,44.08242,-115.61313,South Fork Payette at Lowman,
128,361.0,2020-09-13 18:45:00-06:00,44.08242,-115.61313,South Fork Payette at Lowman,
129,367.0,2020-09-13 19:00:00-06:00,44.08242,-115.61313,South Fork Payette at Lowman,
130,361.0,2020-09-13 19:15:00-06:00,44.08242,-115.61313,South Fork Payette at Lowman,
131,361.0,2020-09-13 19:30:00-06:00,44.08242,-115.61313,South Fork Payette at Lowman,
132,361.0,2020-09-13 19:45:00-06:00,44.08242,-115.61313,South Fork Payette at Lowman,
133,361.0,2020-09-13 20:00:00-06:00,44.08242,-115.61313,South Fork Payette at Lowman,
134,361.0,2020-09-13 20:15:00-06:00,44.08242,-115.61313,South Fork Payette at Lowman,
135,361.0,2020-09-13 20:30:00-06:00,44.08242,-115.61313,South Fork Payette at Lowman,
136,361.0,2020-09-13 20:45:00-06:00,44.08242,-115.61313,South Fork Payette at Lowman,
137,361.0,2020-09-13 21:00:00-06:00,44.08242,-115.61313,South Fork Payette at Lowman,
138,355.0,2020-09-13 21:15:00-06:00,44.08242,-115.61313,South Fork Payette at Lowman,
139,355.0,2020-09-13 21:30:00-06:00,44.08242,-115.61313,South Fork Payette at Lowman,
140,355.0,2020-09-13 21:45:00-06:00,44.08242,-115.61313,South Fork Payette at Lowman,
141,355.0,2020-09-13 22:00:00-06:00,44.08242,-115.61313,South Fork Payette at Lowman,
142,355.0,2020-09-13 22:15:00-06:00,44.08242,-115.61313,South Fork Payette at Lowman,
143,355.0,2020-09-13 22:30:00-06:00,44.08242,-115.61313,South Fork Payette at Lowman,
144,355.0,2020-09-13 22:45:00-06:00,44.08242,-115.61313,South Fork Payette at Lowman,
145,355.0,2020-09-13 23:00:00-06:00,44.08242,-115.61313,South Fork Payette at Lowman,
146,355.0,2020-09-13 23:15:00-06:00,44.08242,-115.61313,South Fork Payette at Lowman,
147,355.0,2020-09-13 23:30:00-06:00,44.08242,-115.61313,South Fork Payette at Lowman,
148,355.0,2020-09-13 23:45:00-06:00,44.08242,-115.61313,South Fork Payette at Lowman,
149,355.0,2020-09-14 00:00:00-06:00,44.08242,-115.61313,South Fork Payette at Lowman,
150,355.0,2020-09-14 00:15:00-06:00,44.08242,-115.61313,South Fork Payette at Lowman,
151,349.0,2020-09-14 00:30:00-06:00,44.08242,-115.61313,South Fork Payette at Lowman,
152,349.0,2020-09-14 00:45:00-06:00,44.08242,-115.61313,South Fork Payette at Lowman,
153,349.0,2020-09-14 01:00:00-06:00,44.08242,-115.61313,South Fork Payette at Lowman,
154,349.0,2020-09-14 01:15:00-06:00,44.08242,-115.61313,South Fork Payette at Lowman,
155,349.0,2020-09-14 01:30:00-06:00,44.08242,-115.61313,South Fork Payette at Lowman,
156,349.0,2020-09-14 01:45:00-06:00,44.08242,-115.61313,South Fork Payette at Lowman,
157,349.0,2020-09-14 02:00:00-06:00,44.08242,-115.61313,South Fork Payette at Lowman,
158,349.0,2020-09-14 02:15:00-06:00,44.08242,-115.61313,South Fork Payette at Lowman,
159,343.0,2020-09-14 02:30:00-06:00,44.08242,-115.61313,South Fork Payette at Lowman,
160,349.0,2020-09-14 02:45:00-06:00,44.08242,-115.61313,South Fork Payette at Lowman,
161,349.0,2020-09-14 03:00:00-06:00,44.08242,-115.61313,South Fork Payette at Lowman,
162,349.0,2020-09-14 03:15:00-06:00,44.08242,-115.61313,South Fork Payette at Lowman,
163,349.0,2020-09-14 03:30:00-06:00,44.08242,-115.61313,South Fork Payette at Lowman,
164,349.0,2020-09-14 03:45:00-06:00,44.08242,-115.61313,South Fork Payette at Lowman,
165,349.0,2020-09-14 04:00:00-06:00,44.08242,-115.61313,South Fork Payette at Lowman,
166,349.0,2020-09-14 04:15:00-06:00,44.08242,-115.61313,South Fork Payette at Lowman,
167,349.0,2020-09-14 04:30:00-06:00,44.08242,-115.61313,South Fork Payette at Lowman,
168,349.0,2020-09-14 04:45:00-06:00,44.08242,-115.61313,South Fork Payette at Lowman,
169,349.0,2020-09-14 05:00:00-06:00,44.08242,-115.61313,South Fork Payette at Lowman,
170,349.0,2020-09-14 05:15:00-06:00,44.08242,-115.61313,South Fork Payette at Lowman,
171,349.0,2020-09-14 05:30:00-06:00,44.08242,-115.61313,South Fork Payette at Lowman,
172,349.0,2020-09-14 05:45:00-06:00,44.08242,-115.61313,South Fork Payette at Lowman,
173,349.0,2020-09-14 06:00:00-06:00,44.08242,-115.61313,South Fork Payette at Lowman,
174,355.0,2020-09-14 06:15:00-06:00,44.08242,-115.61313,South Fork Payette at Lowman,
175,349.0,2020-09-14 06:30:00-06:00,44.08242,-115.61313,South Fork Payette at Lowman,
176,349.0,2020-09-14 06:45:00-06:00,44.08242,-115.61313,South Fork Payette at Lowman,
177,355.0,2020-09-14 07:00:00-06:00,44.08242,-115.61313,South Fork Payette at Lowman,
178,349.0,2020-09-14 07:15:00-06:00,44.08242,-115.61313,South Fork Payette at Lowman,
179,349.0,2020-09-14 07:30:00-06:00,44.08242,-115.61313,South Fork Payette at Lowman,
180,355.0,2020-09-14 07:45:00-06:00,44.08242,-115.61313,South Fork Payette at Lowman,
181,355.0,2020-09-14 08:00:00-06:00,44.08242,-115.61313,South Fork Payette at Lowman,
182,355.0,2020-09-14 08:15:00-06:00,44.08242,-115.61313,South Fork Payette at Lowman,
183,355.0,2020-09-14 08:30:00-06:00,44.08242,-115.61313,South Fork Payette at Lowman,
184,355.0,2020-09-14 08:45:00-06:00,44.08242,-115.61313,South Fork Payette at Lowman,
185,355.0,2020-09-14 09:00:00-06:00,44.08242,-115.61313,South Fork Payette at Lowman,
186,355.0,2020-09-14 09:15:00-06:00,44.08242,-115.61313,South Fork Payette at Lowman,
187,355.0,2020-09-14 09:30:00-06:00,44.08242,-115.61313,South Fork Payette at Lowman,
188,355.0,2020-09-14 09:45:00-06:00,44.08242,-115.61313,South Fork Payette at Lowman,
189,355.0,2020-09-14 10:00:00-06:00,44.08242,-115.61313,South Fork Payette at Lowman,
190,355.0,2020-09-14 10:15:00-06:00,44.08242,-115.61313,South Fork Payette at Lowman,
191,349.0,2020-09-14 10:30:00-06:00,44.08242,-115.61313,South Fork Payette at Lowman,
192,355.0,2020-09-14 10:45:00-06:00,44.08242,-115.61313,South Fork Payette at Lowman,
193,361.0,2020-09-14 11:00:00-06:00,44.08242,-115.61313,South Fork Payette at Lowman,
194,355.0,2020-09-14 11:15:00-06:00,44.08242,-115.61313,South Fork Payette at Lowman,
195,361.0,2020-09-14 11:30:00-06:00,44.08242,-115.61313,South Fork Payette at Lowman,
196,361.0,2020-09-14 11:45:00-06:00,44.08242,-115.61313,South Fork Payette at Lowman,
197,355.0,2020-09-14 12:00:00-06:00,44.08242,-115.61313,South Fork Payette at Lowman,
198,355.0,2020-09-14 12:15:00-06:00,44.08242,-115.61313,South Fork Payette at Lowman,
199,361.0,2020-09-14 12:30:00-06:00,44.08242,-115.61313,South Fork Payette at Lowman,
200,355.0,2020-09-14 12:45:00-06:00,44.08242,-115.61313,South Fork Payette at Lowman,
201,361.0,2020-09-14 13:00:00-06:00,44.08242,-115.61313,South Fork Payette at Lowman,
202,361.0,2020-09-14 13:15:00-06:00,44.08242,-115.61313,South Fork Payette at Lowman,
203,361.0,2020-09-14 13:30:00-06:00,44.08242,-115.61313,South Fork Payette at Lowman,
204,361.0,2020-09-14 13:45:00-06:00,44.08242,-115.61313,South Fork Payette at Lowman,
205,361.0,2020-09-14 14:00:00-06:00,44.08242,-115.61313,South Fork Payette at Lowman,
206,361.0,2020-09-14 14:15:00-06:00,44.08242,-115.61313,South Fork Payette at Lowman,
207,361.0,2020-09-14 14:30:00-06:00,44.08242,-115.61313,South Fork Payette at Lowman,
208,361.0,2020-09-14 14:45:00-06:00,44.08242,-115.61313,South Fork Payette at Lowman,
209,361.0,2020-09-14 15:00:00-06:00,44.08242,-115.61313,South Fork Payette at Lowman,
210,361.0,2020-09-14 15:15:00-06:00,44.08242,-115.61313,South Fork Payette at Lowman,
211,361.0,2020-09-14 15:30:00-06:00,44.08242,-115.61313,South Fork Payette at Lowman,
212,355.0,2020-09-14 15:45:00-06:00,44.08242,-115.61313,South Fork Payette at Lowman,
213,361.0,2020-09-14 16:00:00-06:00,44.08242,-115.61313,South Fork Payette at Lowman,
214,361.0,2020-09-14 16:15:00-06:00,44.08242,-115.61313,South Fork Payette at Lowman,
215,355.0,2020-09-14 16:30:00-06:00,44.08242,-115.61313,South Fork Payette at Lowman,
216,361.0,2020-09-14 16:45:00-06:00,44.08242,-115.61313,South Fork Payette at Lowman,
217,361.0,2020-09-14 17:00:00-06:00,44.08242,-115.61313,South Fork Payette at Lowman,
218,361.0,2020-09-14 17:15:00-06:00,44.08242,-115.61313,South Fork Payette at Lowman,
219,361.0,2020-09-14 17:30:00-06:00,44.08242,-115.61313,South Fork Payette at Lowman,
220,361.0,2020-09-14 17:45:00-06:00,44.08242,-115.61313,South Fork Payette at Lowman,
221,361.0,2020-09-14 18:00:00-06:00,44.08242,-115.61313,South Fork Payette at Lowman,
222,361.0,2020-09-14 18:15:00-06:00,44.08242,-115.61313,South Fork Payette at Lowman,
223,355.0,2020-09-14 18:30:00-06:00,44.08242,-115.61313,South Fork Payette at Lowman,
224,361.0,2020-09-14 18:45:00-06:00,44.08242,-115.61313,South Fork Payette at Lowman,
225,361.0,2020-09-14 19:00:00-06:00,44.08242,-115.61313,South Fork Payette at Lowman,
226,355.0,2020-09-14 19:15:00-06:00,44.08242,-115.61313,South Fork Payette at Lowman,
227,355.0,2020-09-14 19:30:00-06:00,44.08242,-115.61313,South Fork Payette at Lowman,
228,355.0,2020-09-14 19:45:00-06:00,44.08242,-115.61313,South Fork Payette at Lowman,
229,355.0,2020-09-14 20:00:00-06:00,44.08242,-115.61313,South Fork Payette at Lowman,
230,355.0,2020-09-14 20:15:00-06:00,44.08242,-115.61313,South Fork Payette at Lowman,
231,349.0,2020-09-14 20:30:00-06:00,44.08242,-115.61313,South Fork Payette at Lowman,
232,355.0,2020-09-14 20:45:00-06:00,44.08242,-115.61313,South Fork Payette at Lowman,
233,349.0,2020-09-14 21:00:00-06:00,44.08242,-115.61313,South Fork Payette at Lowman,
234,355.0,2020-09-14 21:15:00-06:00,44.08242,-115.61313,South Fork Payette at Lowman,
235,349.0,2020-09-14 21:30:00-06:00,44.08242,-115.61313,South Fork Payette at Lowman,
236,355.0,2020-09-14 21:45:00-06:00,44.08242,-115.61313,South Fork Payette at Lowman,
237,349.0,2020-09-14 22:00:00-06:00,44.08242,-115.61313,South Fork Payette at Lowman,
238,349.0,2020-09-14 22:15:00-06:00,44.08242,-115.61313,South Fork Payette at Lowman,
239,349.0,2020-09-14 22:30:00-06:00,44.08242,-115.61313,South Fork Payette at Lowman,
240,349.0,2020-09-14 22:45:00-06:00,44.08242,-115.61313,South Fork Payette at Lowman,
241,349.0,2020-09-14 23:00:00-06:00,44.08242,-115.61313,South Fork Payette at Lowman,
242,349.0,2020-09-14 23:15:00-06:00,44.08242,-115.61313,South Fork Payette at Lowman,
243,349.0,2020-09-14 23:30:00-06:00,44.08242,-115.61313,South Fork Payette at Lowman,
244,349.0,2020-09-14 23:45:00-06:00,44.08242,-115.61313,South Fork Payette at Lowman,
245,349.0,2020-09-15 00:00:00-06:00,44.08242,-115.61313,South Fork Payette at Lowman,
246,349.0,2020-09-15 00:15:00-06:00,44.08242,-115.61313,South Fork Payette at Lowman,
247,343.0,2020-09-15 00:30:00-06:00,44.08242,-115.61313,South Fork Payette at Lowman,
248,343.0,2020-09-15 00:45:00-06:00,44.08242,-115.61313,South Fork Payette at Lowman,
249,343.0,2020-09-15 01:00:00-06:00,44.08242,-115.61313,South Fork Payette at Lowman,
250,343.0,2020-09-15 01:15:00-06:00,44.08242,-115.61313,South Fork Payette at Lowman,
251,337.0,2020-09-15 01:30:00-06:00,44.08242,-115.61313,South Fork Payette at Lowman,
252,343.0,2020-09-15 01:45:00-06:00,44.08242,-115.61313,South Fork Payette at Lowman,
253,349.0,2020-09-15 02:00:00-06:00,44.08242,-115.61313,South Fork Payette at Lowman,
254,343.0,2020-09-15 02:15:00-06:00,44.08242,-115.61313,South Fork Payette at Lowman,
255,343.0,2020-09-15 02:30:00-06:00,44.08242,-115.61313,South Fork Payette at Lowman,
256,349.0,2020-09-15 02:45:00-06:00,44.08242,-115.61313,South Fork Payette at Lowman,
257,343.0,2020-09-15 03:00:00-06:00,44.08242,-115.61313,South Fork Payette at Lowman,
258,343.0,2020-09-15 03:15:00-06:00,44.08242,-115.61313,South Fork Payette at Lowman,
259,349.0,2020-09-15 03:30:00-06:00,44.08242,-115.61313,South Fork Payette at Lowman,
260,343.0,2020-09-15 03:45:00-06:00,44.08242,-115.61313,South Fork Payette at Lowman,
261,349.0,2020-09-15 04:00:00-06:00,44.08242,-115.61313,South Fork Payette at Lowman,
262,343.0,2020-09-15 04:15:00-06:00,44.08242,-115.61313,South Fork Payette at Lowman,
263,343.0,2020-09-15 04:30:00-06:00,44.08242,-115.61313,South Fork Payette at Lowman,
264,349.0,2020-09-15 04:45:00-06:00,44.08242,-115.61313,South Fork Payette at Lowman,
265,343.0,2020-09-15 05:00:00-06:00,44.08242,-115.61313,South Fork Payette at Lowman,
266,343.0,2020-09-15 05:15:00-06:00,44.08242,-115.61313,South Fork Payette at Lowman,
267,343.0,2020-09-15 05:30:00-06:00,44.08242,-115.61313,South Fork Payette at Lowman,
268,349.0,2020-09-15 05:45:00-06:00,44.08242,-115.61313,South Fork Payette at Lowman,
269,343.0,2020-09-15 06:00:00-06:00,44.08242,-115.61313,South Fork Payette at Lowman,
270,343.0,2020-09-15 06:15:00-06:00,44.08242,-115.61313,South Fork Payette at Lowman,
271,349.0,2020-09-15 06:30:00-06:00,44.08242,-115.61313,South Fork Payette at Lowman,
272,349.0,2020-09-15 06:45:00-06:00,44.08242,-115.61313,South Fork Payette at Lowman,
273,343.0,2020-09-15 07:00:00-06:00,44.08242,-115.61313,South Fork Payette at Lowman,
274,349.0,2020-09-15 07:15:00-06:00,44.08242,-115.61313,South Fork Payette at Lowman,
275,349.0,2020-09-15 07:30:00-06:00,44.08242,-115.61313,South Fork Payette at Lowman,
276,349.0,2020-09-15 07:45:00-06:00,44.08242,-115.61313,South Fork Payette at Lowman,
277,349.0,2020-09-15 08:00:00-06:00,44.08242,-115.61313,South Fork Payette at Lowman,
278,349.0,2020-09-15 08:15:00-06:00,44.08242,-115.61313,South Fork Payette at Lowman,
279,349.0,2020-09-15 08:30:00-06:00,44.08242,-115.61313,South Fork Payette at Lowman,
280,349.0,2020-09-15 08:45:00-06:00,44.08242,-115.61313,South Fork Payette at Lowman,
281,349.0,2020-09-15 09:00:00-06:00,44.08242,-115.61313,South Fork Payette at Lowman,
282,355.0,2020-09-15 09:15:00-06:00,44.08242,-115.61313,South Fork Payette at Lowman,
283,355.0,2020-09-15 09:30:00-06:00,44.08242,-115.61313,South Fork Payette at Lowman,
284,355.0,2020-09-15 09:45:00-06:00,44.08242,-115.61313,South Fork Payette at Lowman,
285,349.0,2020-09-15 10:00:00-06:00,44.08242,-115.61313,South Fork Payette at Lowman,
286,355.0,2020-09-15 10:15:00-06:00,44.08242,-115.61313,South Fork Payette at Lowman,
287,349.0,2020-09-15 10:30:00-06:00,44.08242,-115.61313,South Fork Payette at Lowman,
288,349.0,2020-09-15 10:45:00-06:00,44.08242,-115.61313,South Fork Payette at Lowman,
289,355.0,2020-09-15 11:00:00-06:00,44.08242,-115.61313,South Fork Payette at Lowman,
290,349.0,2020-09-15 11:15:00-06:00,44.08242,-115.61313,South Fork Payette at Lowman,
291,349.0,2020-09-15 11:30:00-06:00,44.08242,-115.61313,South Fork Payette at Lowman,
292,349.0,2020-09-15 11:45:00-06:00,44.08242,-115.61313,South Fork Payette at Lowman,
293,355.0,2020-09-15 12:00:00-06:00,44.08242,-115.61313,South Fork Payette at Lowman,
294,355.0,2020-09-15 12:15:00-06:00,44.08242,-115.61313,South Fork Payette at Lowman,
295,355.0,2020-09-15 12:30:00-06:00,44.08242,-115.61313,South Fork Payette at Lowman,
296,355.0,2020-09-15 12:45:00-06:00,44.08242,-115.61313,South Fork Payette at Lowman,
297,355.0,2020-09-15 13:00:00-06:00,44.08242,-115.61313,South Fork Payette at Lowman,
298,355.0,2020-09-15 13:15:00-06:00,44.08242,-115.61313,South Fork Payette at Lowman,
299,355.0,2020-09-15 13:30:00-06:00,44.08242,-115.61313,South Fork Payette at Lowman,
300,349.0,2020-09-15 13:45:00-06:00,44.08242,-115.61313,South Fork Payette at Lowman,
301,355.0,2020-09-15 14:00:00-06:00,44.08242,-115.61313,South Fork Payette at Lowman,
302,355.0,2020-09-15 14:15:00-06:00,44.08242,-115.61313,South Fork Payette at Lowman,
303,355.0,2020-09-15 14:30:00-06:00,44.08242,-115.61313,South Fork Payette at Lowman,
304,349.0,2020-09-15 14:45:00-06:00,44.08242,-115.61313,South Fork Payette at Lowman,
305,355.0,2020-09-15 15:00:00-06:00,44.08242,-115.61313,South Fork Payette at Lowman,
306,355.0,2020-09-15 15:15:00-06:00,44.08242,-115.61313,South Fork Payette at Lowman,
307,355.0,2020-09-15 15:30:00-06:00,44.08242,-115.61313,South Fork Payette at Lowman,
308,355.0,2020-09-15 15:45:00-06:00,44.08242,-115.61313,South Fork Payette at Lowman,
309,355.0,2020-09-15 16:00:00-06:00,44.08242,-115.61313,South Fork Payette at Lowman,
310,361.0,2020-09-15 16:15:00-06:00,44.08242,-115.61313,South Fork Payette at Lowman,
311,361.0,2020-09-15 16:30:00-06:00,44.08242,-115.61313,South Fork Payette at Lowman,
312,355.0,2020-09-15 16:45:00-06:00,44.08242,-115.61313,South Fork Payette at Lowman,
313,355.0,2020-09-15 17:00:00-06:00,44.08242,-115.61313,South Fork Payette at Lowman,
314,355.0,2020-09-15 17:15:00-06:00,44.08242,-115.61313,South Fork Payette at Lowman,
315,355.0,2020-09-15 17:30:00-06:00,44.08242,-115.61313,South Fork Payette at Lowman,
316,355.0,2020-09-15 17:45:00-06:00,44.08242,-115.61313,South Fork Payette at Lowman,
317,355.0,2020-09-15 18:00:00-06:00,44.08242,-115.61313,South Fork Payette at Lowman,
318,355.0,2020-09-15 18:15:00-06:00,44.08242,-115.61313,South Fork Payette at Lowman,
319,355.0,2020-09-15 18:30:00-06:00,44.08242,-115.61313,South Fork Payette at Lowman,
320,355.0,2020-09-15 18:45:00-06:00,44.08242,-115.61313,South Fork Payette at Lowman,
321,349.0,2020-09-15 19:00:00-06:00,44.08242,-115.61313,South Fork Payette at Lowman,
322,355.0,2020-09-15 19:15:00-06:00,44.08242,-115.61313,South Fork Payette at Lowman,
323,355.0,2020-09-15 19:30:00-06:00,44.08242,-115.61313,South Fork Payette at Lowman,
324,355.0,2020-09-15 19:45:00-06:00,44.08242,-115.61313,South Fork Payette at Lowman,
325,355.0,2020-09-15 20:00:00-06:00,44.08242,-115.61313,South Fork Payette at Lowman,
326,355.0,2020-09-15 20:15:00-06:00,44.08242,-115.61313,South Fork Payette at Lowman,
327,355.0,2020-09-15 20:30:00-06:00,44.08242,-115.61313,South Fork Payette at Lowman,
328,349.0,2020-09-15 20:45:00-06:00,44.08242,-115.61313,South Fork Payette at Lowman,
329,349.0,2020-09-15 21:00:00-06:00,44.08242,-115.61313,South Fork Payette at Lowman,
330,349.0,2020-09-15 21:15:00-06:00,44.08242,-115.61313,South Fork Payette at Lowman,
331,349.0,2020-09-15 21:30:00-06:00,44.08242,-115.61313,South Fork Payette at Lowman,
332,349.0,2020-09-15 21:45:00-06:00,44.08242,-115.61313,South Fork Payette at Lowman,
333,349.0,2020-09-15 22:00:00-06:00,44.08242,-115.61313,South Fork Payette at Lowman,
334,349.0,2020-09-15 22:15:00-06:00,44.08242,-115.61313,South Fork Payette at Lowman,
335,343.0,2020-09-15 22:30:00-06:00,44.08242,-115.61313,South Fork Payette at Lowman,
336,349.0,2020-09-15 22:45:00-06:00,44.08242,-115.61313,South Fork Payette at Lowman,
337,349.0,2020-09-15 23:00:00-06:00,44.08242,-115.61313,South Fork Payette at Lowman,
338,349.0,2020-09-15 23:15:00-06:00,44.08242,-115.61313,South Fork Payette at Lowman,
339,343.0,2020-09-15 23:30:00-06:00,44.08242,-115.61313,South Fork Payette at Lowman,
340,343.0,2020-09-15 23:45:00-06:00,44.08242,-115.61313,South Fork Payette at Lowman,
341,343.0,2020-09-16 00:00:00-06:00,44.08242,-115.61313,South Fork Payette at Lowman,
342,349.0,2020-09-16 00:15:00-06:00,44.08242,-115.61313,South Fork Payette at Lowman,
343,343.0,2020-09-16 00:30:00-06:00,44.08242,-115.61313,South Fork Payette at Lowman,
344,343.0,2020-09-16 00:45:00-06:00,44.08242,-115.61313,South Fork Payette at Lowman,
345,343.0,2020-09-16 01:00:00-06:00,44.08242,-115.61313,South Fork Payette at Lowman,
346,343.0,2020-09-16 01:15:00-06:00,44.08242,-115.61313,South Fork Payette at Lowman,
347,343.0,2020-09-16 01:30:00-06:00,44.08242,-115.61313,South Fork Payette at Lowman,
348,343.0,2020-09-16 01:45:00-06:00,44.08242,-115.61313,South Fork Payette at Lowman,
349,343.0,2020-09-16 02:00:00-06:00,44.08242,-115.61313,South Fork Payette at Lowman,
350,343.0,2020-09-16 02:15:00-06:00,44.08242,-115.61313,South Fork Payette at Lowman,
351,343.0,2020-09-16 02:30:00-06:00,44.08242,-115.61313,South Fork Payette at Lowman,
352,343.0,2020-09-16 02:45:00-06:00,44.08242,-115.61313,South Fork Payette at Lowman,
353,343.0,2020-09-16 03:00:00-06:00,44.08242,-115.61313,South Fork Payette at Lowman,
354,343.0,2020-09-16 03:15:00-06:00,44.08242,-115.61313,South Fork Payette at Lowman,
355,343.0,2020-09-16 03:30:00-06:00,44.08242,-115.61313,South Fork Payette at Lowman,
356,337.0,2020-09-16 03:45:00-06:00,44.08242,-115.61313,South Fork Payette at Lowman,
357,349.0,2020-09-16 04:00:00-06:00,44.08242,-115.61313,South Fork Payette at Lowman,
358,343.0,2020-09-16 04:15:00-06:00,44.08242,-115.61313,South Fork Payette at Lowman,
359,343.0,2020-09-16 04:30:00-06:00,44.08242,-115.61313,South Fork Payette at Lowman,
360,349.0,2020-09-16 04:45:00-06:00,44.08242,-115.61313,South Fork Payette at Lowman,
361,343.0,2020-09-16 05:00:00-06:00,44.08242,-115.61313,South Fork Payette at Lowman,
362,343.0,2020-09-16 05:15:00-06:00,44.08242,-115.61313,South Fork Payette at Lowman,
363,349.0,2020-09-16 05:30:00-06:00,44.08242,-115.61313,South Fork Payette at Lowman,
364,343.0,2020-09-16 05:45:00-06:00,44.08242,-115.61313,South Fork Payette at Lowman,
365,343.0,2020-09-16 06:00:00-06:00,44.08242,-115.61313,South Fork Payette at Lowman,
366,343.0,2020-09-16 06:15:00-06:00,44.08242,-115.61313,South Fork Payette at Lowman,
367,343.0,2020-09-16 06:30:00-06:00,44.08242,-115.61313,South Fork Payette at Lowman,
368,349.0,2020-09-16 06:45:00-06:00,44.08242,-115.61313,South Fork Payette at Lowman,
369,343.0,2020-09-16 07:00:00-06:00,44.08242,-115.61313,South Fork Payette at Lowman,
370,343.0,2020-09-16 07:15:00-06:00,44.08242,-115.61313,South Fork Payette at Lowman,
371,343.0,2020-09-16 07:30:00-06:00,44.08242,-115.61313,South Fork Payette at Lowman,
372,349.0,2020-09-16 07:45:00-06:00,44.08242,-115.61313,South Fork Payette at Lowman,
373,349.0,2020-09-16 08:00:00-06:00,44.08242,-115.61313,South Fork Payette at Lowman,
374,349.0,2020-09-16 08:15:00-06:00,44.08242,-115.61313,South Fork Payette at Lowman,
375,349.0,2020-09-16 08:30:00-06:00,44.08242,-115.61313,South Fork Payette at Lowman,
376,349.0,2020-09-16 08:45:00-06:00,44.08242,-115.61313,South Fork Payette at Lowman,
377,349.0,2020-09-16 09:00:00-06:00,44.08242,-115.61313,South Fork Payette at Lowman,
378,355.0,2020-09-16 09:15:00-06:00,44.08242,-115.61313,South Fork Payette at Lowman,
379,349.0,2020-09-16 09:30:00-06:00,44.08242,-115.61313,South Fork Payette at Lowman,
380,349.0,2020-09-16 09:45:00-06:00,44.08242,-115.61313,South Fork Payette at Lowman,
381,355.0,2020-09-16 10:00:00-06:00,44.08242,-115.61313,South Fork Payette at Lowman,
382,355.0,2020-09-16 10:15:00-06:00,44.08242,-115.61313,South Fork Payette at Lowman,
383,349.0,2020-09-16 10:30:00-06:00,44.08242,-115.61313,South Fork Payette at Lowman,
384,349.0,2020-09-16 10:45:00-06:00,44.08242,-115.61313,South Fork Payette at Lowman,
385,349.0,2020-09-16 11:00:00-06:00,44.08242,-115.61313,South Fork Payette at Lowman,
386,349.0,2020-09-16 11:15:00-06:00,44.08242,-115.61313,South Fork Payette at Lowman,
387,355.0,2020-09-16 11:30:00-06:00,44.08242,-115.61313,South Fork Payette at Lowman,
388,355.0,2020-09-16 11:45:00-06:00,44.08242,-115.61313,South Fork Payette at Lowman,
389,355.0,2020-09-16 12:00:00-06:00,44.08242,-115.61313,South Fork Payette at Lowman,
390,355.0,2020-09-16 12:15:00-06:00,44.08242,-115.61313,South Fork Payette at Lowman,
391,355.0,2020-09-16 12:30:00-06:00,44.08242,-115.61313,South Fork Payette at Lowman,
392,355.0,2020-09-16 12:45:00-06:00,44.08242,-115.61313,South Fork Payette at Lowman,
393,355.0,2020-09-16 13:00:00-06:00,44.08242,-115.61313,South Fork Payette at Lowman,
394,349.0,2020-09-16 13:15:00-06:00,44.08242,-115.61313,South Fork Payette at Lowman,
395,355.0,2020-09-16 13:30:00-06:00,44.08242,-115.61313,South Fork Payette at Lowman,
396,355.0,2020-09-16 13:45:00-06:00,44.08242,-115.61313,South Fork Payette at Lowman,
397,355.0,2020-09-16 14:00:00-06:00,44.08242,-115.61313,South Fork Payette at Lowman,
398,355.0,2020-09-16 14:15:00-06:00,44.08242,-115.61313,South Fork Payette at Lowman,
399,355.0,2020-09-16 14:30:00-06:00,44.08242,-115.61313,South Fork Payette at Lowman,
400,355.0,2020-09-16 14:45:00-06:00,44.08242,-115.61313,South Fork Payette at Lowman,
401,349.0,2020-09-16 15:00:00-06:00,44.08242,-115.61313,South Fork Payette at Lowman,
402,355.0,2020-09-16 15:15:00-06:00,44.08242,-115.61313,South Fork Payette at Lowman,
403,355.0,2020-09-16 15:30:00-06:00,44.08242,-115.61313,South Fork Payette at Lowman,
404,355.0,2020-09-16 15:45:00-06:00,44.08242,-115.61313,South Fork Payette at Lowman,
405,355.0,2020-09-16 16:00:00-06:00,44.08242,-115.61313,South Fork Payette at Lowman,
406,355.0,2020-09-16 16:15:00-06:00,44.08242,-115.61313,South Fork Payette at Lowman,
407,355.0,2020-09-16 16:30:00-06:00,44.08242,-115.61313,South Fork Payette at Lowman,
408,355.0,2020-09-16 16:45:00-06:00,44.08242,-115.61313,South Fork Payette at Lowman,
409,355.0,2020-09-16 17:00:00-06:00,44.08242,-115.61313,South Fork Payette at Lowman,
410,355.0,2020-09-16 17:15:00-06:00,44.08242,-115.61313,South Fork Payette at Lowman,
411,355.0,2020-09-16 17:30:00-06:00,44.08242,-115.61313,South Fork Payette at Lowman,
412,355.0,2020-09-16 17:45:00-06:00,44.08242,-115.61313,South Fork Payette at Lowman,
413,355.0,2020-09-16 18:00:00-06:00,44.08242,-115.61313,South Fork Payette at Lowman,
414,355.0,2020-09-16 18:15:00-06:00,44.08242,-115.61313,South Fork Payette at Lowman,
415,355.0,2020-09-16 18:30:00-06:00,44.08242,-115.61313,South Fork Payette at Lowman,
416,355.0,2020-09-16 18:45:00-06:00,44.08242,-115.61313,South Fork Payette at Lowman,
417,343.0,2020-09-16 19:00:00-06:00,44.08242,-115.61313,South Fork Payette at Lowman,
418,355.0,2020-09-16 19:15:00-06:00,44.08242,-115.61313,South Fork Payette at Lowman,
419,355.0,2020-09-16 19:30:00-06:00,44.08242,-115.61313,South Fork Payette at Lowman,
420,349.0,2020-09-16 19:45:00-06:00,44.08242,-115.61313,South Fork Payette at Lowman,
421,349.0,2020-09-16 20:00:00-06:00,44.08242,-115.61313,South Fork Payette at Lowman,
422,349.0,2020-09-16 20:15:00-06:00,44.08242,-115.61313,South Fork Payette at Lowman,
423,343.0,2020-09-16 20:30:00-06:00,44.08242,-115.61313,South Fork Payette at Lowman,
424,349.0,2020-09-16 20:45:00-06:00,44.08242,-115.61313,South Fork Payette at Lowman,
425,343.0,2020-09-16 21:00:00-06:00,44.08242,-115.61313,South Fork Payette at Lowman,
426,349.0,2020-09-16 21:15:00-06:00,44.08242,-115.61313,South Fork Payette at Lowman,
427,349.0,2020-09-16 21:30:00-06:00,44.08242,-115.61313,South Fork Payette at Lowman,
428,349.0,2020-09-16 21:45:00-06:00,44.08242,-115.61313,South Fork Payette at Lowman,
429,349.0,2020-09-16 22:00:00-06:00,44.08242,-115.61313,South Fork Payette at Lowman,
430,343.0,2020-09-16 22:15:00-06:00,44.08242,-115.61313,South Fork Payette at Lowman,
431,343.0,2020-09-16 22:30:00-06:00,44.08242,-115.61313,South Fork Payette at Lowman,
432,343.0,2020-09-16 22:45:00-06:00,44.08242,-115.61313,South Fork Payette at Lowman,
433,343.0,2020-09-16 23:00:00-06:00,44.08242,-115.61313,South Fork Payette at Lowman,
434,343.0,2020-09-16 23:15:00-06:00,44.08242,-115.61313,South Fork Payette at Lowman,
435,343.0,2020-09-16 23:30:00-06:00,44.08242,-115.61313,South Fork Payette at Lowman,
436,343.0,2020-09-16 23:45:00-06:00,44.08242,-115.61313,South Fork Payette at Lowman,
437,343.0,2020-09-17 00:00:00-06:00,44.08242,-115.61313,South Fork Payette at Lowman,
438,343.0,2020-09-17 00:15:00-06:00,44.08242,-115.61313,South Fork Payette at Lowman,
439,343.0,2020-09-17 00:30:00-06:00,44.08242,-115.61313,South Fork Payette at Lowman,
440,343.0,2020-09-17 00:45:00-06:00,44.08242,-115.61313,South Fork Payette at Lowman,
441,343.0,2020-09-17 01:00:00-06:00,44.08242,-115.61313,South Fork Payette at Lowman,
442,337.0,2020-09-17 01:15:00-06:00,44.08242,-115.61313,South Fork Payette at Lowman,
443,343.0,2020-09-17 01:30:00-06:00,44.08242,-115.61313,South Fork Payette at Lowman,
444,343.0,2020-09-17 01:45:00-06:00,44.08242,-115.61313,South Fork Payette at Lowman,
445,337.0,2020-09-17 02:00:00-06:00,44.08242,-115.61313,South Fork Payette at Lowman,
446,337.0,2020-09-17 02:15:00-06:00,44.08242,-115.61313,South Fork Payette at Lowman,
447,343.0,2020-09-17 02:30:00-06:00,44.08242,-115.61313,South Fork Payette at Lowman,
448,343.0,2020-09-17 02:45:00-06:00,44.08242,-115.61313,South Fork Payette at Lowman,
449,343.0,2020-09-17 03:00:00-06:00,44.08242,-115.61313,South Fork Payette at Lowman,
450,343.0,2020-09-17 03:15:00-06:00,44.08242,-115.61313,South Fork Payette at Lowman,
451,337.0,2020-09-17 03:30:00-06:00,44.08242,-115.61313,South Fork Payette at Lowman,
452,337.0,2020-09-17 03:45:00-06:00,44.08242,-115.61313,South Fork Payette at Lowman,
453,343.0,2020-09-17 04:00:00-06:00,44.08242,-115.61313,South Fork Payette at Lowman,
454,343.0,2020-09-17 04:15:00-06:00,44.08242,-115.61313,South Fork Payette at Lowman,
455,343.0,2020-09-17 04:30:00-06:00,44.08242,-115.61313,South Fork Payette at Lowman,
456,343.0,2020-09-17 04:45:00-06:00,44.08242,-115.61313,South Fork Payette at Lowman,
457,343.0,2020-09-17 05:00:00-06:00,44.08242,-115.61313,South Fork Payette at Lowman,
458,343.0,2020-09-17 05:15:00-06:00,44.08242,-115.61313,South Fork Payette at Lowman,
459,343.0,2020-09-17 05:30:00-06:00,44.08242,-115.61313,South Fork Payette at Lowman,
460,343.0,2020-09-17 05:45:00-06:00,44.08242,-115.61313,South Fork Payette at Lowman,
461,343.0,2020-09-17 06:00:00-06:00,44.08242,-115.61313,South Fork Payette at Lowman,
462,343.0,2020-09-17 06:15:00-06:00,44.08242,-115.61313,South Fork Payette at Lowman,
463,343.0,2020-09-17 06:30:00-06:00,44.08242,-115.61313,South Fork Payette at Lowman,
464,337.0,2020-09-17 06:45:00-06:00,44.08242,-115.61313,South Fork Payette at Lowman,
465,343.0,2020-09-17 07:00:00-06:00,44.08242,-115.61313,South Fork Payette at Lowman,
466,343.0,2020-09-17 07:15:00-06:00,44.08242,-115.61313,South Fork Payette at Lowman,
467,349.0,2020-09-17 07:30:00-06:00,44.08242,-115.61313,South Fork Payette at Lowman,
468,343.0,2020-09-17 07:45:00-06:00,44.08242,-115.61313,South Fork Payette at Lowman,
469,349.0,2020-09-17 08:00:00-06:00,44.08242,-115.61313,South Fork Payette at Lowman,
470,343.0,2020-09-17 08:15:00-06:00,44.08242,-115.61313,South Fork Payette at Lowman,
471,349.0,2020-09-17 08:30:00-06:00,44.08242,-115.61313,South Fork Payette at Lowman,
472,343.0,2020-09-17 08:45:00-06:00,44.08242,-115.61313,South Fork Payette at Lowman,
473,343.0,2020-09-17 09:00:00-06:00,44.08242,-115.61313,South Fork Payette at Lowman,
474,349.0,2020-09-17 09:15:00-06:00,44.08242,-115.61313,South Fork Payette at Lowman,
475,349.0,2020-09-17 09:30:00-06:00,44.08242,-115.61313,South Fork Payette at Lowman,
476,349.0,2020-09-17 09:45:00-06:00,44.08242,-115.61313,South Fork Payette at Lowman,
477,349.0,2020-09-17 10:00:00-06:00,44.08242,-115.61313,South Fork Payette at Lowman,
478,349.0,2020-09-17 10:15:00-06:00,44.08242,-115.61313,South Fork Payette at Lowman,
479,349.0,2020-09-17 10:30:00-06:00,44.08242,-115.61313,South Fork Payette at Lowman,
480,355.0,2020-09-17 10:45:00-06:00,44.08242,-115.61313,South Fork Payette at Lowman,
481,349.0,2020-09-17 11:00:00-06:00,44.08242,-115.61313,South Fork Payette at Lowman,
482,349.0,2020-09-17 11:15:00-06:00,44.08242,-115.61313,South Fork Payette at Lowman,
483,349.0,2020-09-17 11:30:00-06:00,44.08242,-115.61313,South Fork Payette at Lowman,
484,349.0,2020-09-17 11:45:00-06:00,44.08242,-115.61313,South Fork Payette at Lowman,
485,343.0,2020-09-17 12:00:00-06:00,44.08242,-115.61313,South Fork Payette at Lowman,
486,349.0,2020-09-17 12:15:00-06:00,44.08242,-115.61313,South Fork Payette at Lowman,
487,349.0,2020-09-17 12:30:00-06:00,44.08242,-115.61313,South Fork Payette at Lowman,
488,343.0,2020-09-17 12:45:00-06:00,44.08242,-115.61313,South Fork Payette at Lowman,
489,349.0,2020-09-17 13:00:00-06:00,44.08242,-115.61313,South Fork Payette at Lowman,
490,355.0,2020-09-17 13:15:00-06:00,44.08242,-115.61313,South Fork Payette at Lowman,
491,349.0,2020-09-17 13:30:00-06:00,44.08242,-115.61313,South Fork Payette at Lowman,
492,349.0,2020-09-17 13:45:00-06:00,44.08242,-115.61313,South Fork Payette at Lowman,
493,355.0,2020-09-17 14:00:00-06:00,44.08242,-115.61313,South Fork Payette at Lowman,
494,355.0,2020-09-17 14:15:00-06:00,44.08242,-115.61313,South Fork Payette at Lowman,
495,355.0,2020-09-17 14:30:00-06:00,44.08242,-115.61313,South Fork Payette at Lowman,
496,349.0,2020-09-17 14:45:00-06:00,44.08242,-115.61313,South Fork Payette at Lowman,
497,349.0,2020-09-17 15:00:00-06:00,44.08242,-115.61313,South Fork Payette at Lowman,
498,349.0,2020-09-17 15:15:00-06:00,44.08242,-115.61313,South Fork Payette at Lowman,
499,349.0,2020-09-17 15:30:00-06:00,44.08242,-115.61313,South Fork Payette at Lowman,
500,355.0,2020-09-17 15:45:00-06:00,44.08242,-115.61313,South Fork Payette at Lowman,
501,355.0,2020-09-17 16:00:00-06:00,44.08242,-115.61313,South Fork Payette at Lowman,
502,355.0,2020-09-17 16:15:00-06:00,44.08242,-115.61313,South Fork Payette at Lowman,
503,349.0,2020-09-17 16:30:00-06:00,44.08242,-115.61313,South Fork Payette at Lowman,
504,349.0,2020-09-17 16:45:00-06:00,44.08242,-115.61313,South Fork Payette at Lowman,
505,349.0,2020-09-17 17:00:00-06:00,44.08242,-115.61313,South Fork Payette at Lowman,
506,349.0,2020-09-17 17:15:00-06:00,44.08242,-115.61313,South Fork Payette at Lowman,
507,349.0,2020-09-17 17:30:00-06:00,44.08242,-115.61313,South Fork Payette at Lowman,
508,349.0,2020-09-17 17:45:00-06:00,44.08242,-115.61313,South Fork Payette at Lowman,
509,349.0,2020-09-17 18:00:00-06:00,44.08242,-115.61313,South Fork Payette at Lowman,
510,349.0,2020-09-17 18:15:00-06:00,44.08242,-115.61313,South Fork Payette at Lowman,
511,349.0,2020-09-17 18:30:00-06:00,44.08242,-115.61313,South Fork Payette at Lowman,
512,349.0,2020-09-17 18:45:00-06:00,44.08242,-115.61313,South Fork Payette at Lowman,
513,343.0,2020-09-17 19:00:00-06:00,44.08242,-115.61313,South Fork Payette at Lowman,
514,349.0,2020-09-17 19:15:00-06:00,44.08242,-115.61313,South Fork Payette at Lowman,
515,349.0,2020-09-17 19:30:00-06:00,44.08242,-115.61313,South Fork Payette at Lowman,
516,349.0,2020-09-17 19:45:00-06:00,44.08242,-115.61313,South Fork Payette at Lowman,
517,349.0,2020-09-17 20:00:00-06:00,44.08242,-115.61313,South Fork Payette at Lowman,
518,349.0,2020-09-17 20:15:00-06:00,44.08242,-115.61313,South Fork Payette at Lowman,
519,349.0,2020-09-17 20:30:00-06:00,44.08242,-115.61313,South Fork Payette at Lowman,
520,349.0,2020-09-17 20:45:00-06:00,44.08242,-115.61313,South Fork Payette at Lowman,
521,349.0,2020-09-17 21:00:00-06:00,44.08242,-115.61313,South Fork Payette at Lowman,
522,349.0,2020-09-17 21:15:00-06:00,44.08242,-115.61313,South Fork Payette at Lowman,
523,343.0,2020-09-17 21:30:00-06:00,44.08242,-115.61313,South Fork Payette at Lowman,
524,349.0,2020-09-17 21:45:00-06:00,44.08242,-115.61313,South Fork Payette at Lowman,
525,343.0,2020-09-17 22:00:00-06:00,44.08242,-115.61313,South Fork Payette at Lowman,
526,343.0,2020-09-17 22:15:00-06:00,44.08242,-115.61313,South Fork Payette at Lowman,
527,337.0,2020-09-17 22:30:00-06:00,44.08242,-115.61313,South Fork Payette at Lowman,
528,343.0,2020-09-17 22:45:00-06:00,44.08242,-115.61313,South Fork Payette at Lowman,
529,343.0,2020-09-17 23:00:00-06:00,44.08242,-115.61313,South Fork Payette at Lowman,
530,343.0,2020-09-17 23:15:00-06:00,44.08242,-115.61313,South Fork Payette at Lowman,
531,332.0,2020-09-17 23:30:00-06:00,44.08242,-115.61313,South Fork Payette at Lowman,
532,343.0,2020-09-17 23:45:00-06:00,44.08242,-115.61313,South Fork Payette at Lowman,
533,337.0,2020-09-18 00:00:00-06:00,44.08242,-115.61313,South Fork Payette at Lowman,
534,343.0,2020-09-18 00:15:00-06:00,44.08242,-115.61313,South Fork Payette at Lowman,
535,337.0,2020-09-18 00:30:00-06:00,44.08242,-115.61313,South Fork Payette at Lowman,
536,337.0,2020-09-18 00:45:00-06:00,44.08242,-115.61313,South Fork Payette at Lowman,
537,343.0,2020-09-18 01:00:00-06:00,44.08242,-115.61313,South Fork Payette at Lowman,
538,337.0,2020-09-18 01:15:00-06:00,44.08242,-115.61313,South Fork Payette at Lowman,
539,337.0,2020-09-18 01:30:00-06:00,44.08242,-115.61313,South Fork Payette at Lowman,
540,337.0,2020-09-18 01:45:00-06:00,44.08242,-115.61313,South Fork Payette at Lowman,
541,337.0,2020-09-18 02:00:00-06:00,44.08242,-115.61313,South Fork Payette at Lowman,
542,337.0,2020-09-18 02:15:00-06:00,44.08242,-115.61313,South Fork Payette at Lowman,
543,337.0,2020-09-18 02:30:00-06:00,44.08242,-115.61313,South Fork Payette at Lowman,
544,337.0,2020-09-18 02:45:00-06:00,44.08242,-115.61313,South Fork Payette at Lowman,
545,337.0,2020-09-18 03:00:00-06:00,44.08242,-115.61313,South Fork Payette at Lowman,
546,337.0,2020-09-18 03:15:00-06:00,44.08242,-115.61313,South Fork Payette at Lowman,
547,337.0,2020-09-18 03:30:00-06:00,44.08242,-115.61313,South Fork Payette at Lowman,
548,337.0,2020-09-18 03:45:00-06:00,44.08242,-115.61313,South Fork Payette at Lowman,
549,337.0,2020-09-18 04:00:00-06:00,44.08242,-115.61313,South Fork Payette at Lowman,
550,337.0,2020-09-18 04:15:00-06:00,44.08242,-115.61313,South Fork Payette at Lowman,
551,343.0,2020-09-18 04:30:00-06:00,44.08242,-115.61313,South Fork Payette at Lowman,
552,337.0,2020-09-18 04:45:00-06:00,44.08242,-115.61313,South Fork Payette at Lowman,
553,337.0,2020-09-18 05:00:00-06:00,44.08242,-115.61313,South Fork Payette at Lowman,
554,337.0,2020-09-18 05:15:00-06:00,44.08242,-115.61313,South Fork Payette at Lowman,
555,337.0,2020-09-18 05:30:00-06:00,44.08242,-115.61313,South Fork Payette at Lowman,
556,337.0,2020-09-18 05:45:00-06:00,44.08242,-115.61313,South Fork Payette at Lowman,
557,337.0,2020-09-18 06:00:00-06:00,44.08242,-115.61313,South Fork Payette at Lowman,
558,343.0,2020-09-18 06:15:00-06:00,44.08242,-115.61313,South Fork Payette at Lowman,
559,337.0,2020-09-18 06:30:00-06:00,44.08242,-115.61313,South Fork Payette at Lowman,
560,343.0,2020-09-18 06:45:00-06:00,44.08242,-115.61313,South Fork Payette at Lowman,
561,343.0,2020-09-18 07:00:00-06:00,44.08242,-115.61313,South Fork Payette at Lowman,
562,337.0,2020-09-18 07:15:00-06:00,44.08242,-115.61313,South Fork Payette at Lowman,
563,343.0,2020-09-18 07:30:00-06:00,44.08242,-115.61313,South Fork Payette at Lowman,
564,343.0,2020-09-18 07:45:00-06:00,44.08242,-115.61313,South Fork Payette at Lowman,
565,343.0,2020-09-18 08:00:00-06:00,44.08242,-115.61313,South Fork Payette at Lowman,
566,337.0,2020-09-18 08:15:00-06:00,44.08242,-115.61313,South Fork Payette at Lowman,
567,349.0,2020-09-18 08:30:00-06:00,44.08242,-115.61313,South Fork Payette at Lowman,
568,343.0,2020-09-18 08:45:00-06:00,44.08242,-115.61313,South Fork Payette at Lowman,
569,349.0,2020-09-18 09:00:00-06:00,44.08242,-115.61313,South Fork Payette at Lowman,
570,343.0,2020-09-18 09:15:00-06:00,44.08242,-115.61313,South Fork Payette at Lowman,
571,349.0,2020-09-18 09:30:00-06:00,44.08242,-115.61313,South Fork Payette at Lowman,
572,343.0,2020-09-18 09:45:00-06:00,44.08242,-115.61313,South Fork Payette at Lowman,
573,343.0,2020-09-18 10:00:00-06:00,44.08242,-115.61313,South Fork Payette at Lowman,
574,343.0,2020-09-18 10:15:00-06:00,44.08242,-115.61313,South Fork Payette at Lowman,
575,343.0,2020-09-18 10:30:00-06:00,44.08242,-115.61313,South Fork Payette at Lowman,
576,343.0,2020-09-18 10:45:00-06:00,44.08242,-115.61313,South Fork Payette at Lowman,
577,343.0,2020-09-18 11:00:00-06:00,44.08242,-115.61313,South Fork Payette at Lowman,
578,349.0,2020-09-18 11:15:00-06:00,44.08242,-115.61313,South Fork Payette at Lowman,
579,349.0,2020-09-18 11:30:00-06:00,44.08242,-115.61313,South Fork Payette at Lowman,
580,343.0,2020-09-18 11:45:00-06:00,44.08242,-115.61313,South Fork Payette at Lowman,
581,349.0,2020-09-18 12:00:00-06:00,44.08242,-115.61313,South Fork Payette at Lowman,
582,349.0,2020-09-18 12:15:00-06:00,44.08242,-115.61313,South Fork Payette at Lowman,
583,349.0,2020-09-18 12:30:00-06:00,44.08242,-115.61313,South Fork Payette at Lowman,
584,349.0,2020-09-18 12:45:00-06:00,44.08242,-115.61313,South Fork Payette at Lowman,
585,349.0,2020-09-18 13:00:00-06:00,44.08242,-115.61313,South Fork Payette at Lowman,
586,349.0,2020-09-18 13:15:00-06:00,44.08242,-115.61313,South Fork Payette at Lowman,
587,355.0,2020-09-18 13:30:00-06:00,44.08242,-115.61313,South Fork Payette at Lowman,
588,349.0,2020-09-18 13:45:00-06:00,44.08242,-115.61313,South Fork Payette at Lowman,
589,355.0,2020-09-18 14:00:00-06:00,44.08242,-115.61313,South Fork Payette at Lowman,
590,355.0,2020-09-18 14:15:00-06:00,44.08242,-115.61313,South Fork Payette at Lowman,
591,349.0,2020-09-18 14:30:00-06:00,44.08242,-115.61313,South Fork Payette at Lowman,
592,349.0,2020-09-18 14:45:00-06:00,44.08242,-115.61313,South Fork Payette at Lowman,
593,355.0,2020-09-18 15:00:00-06:00,44.08242,-115.61313,South Fork Payette at Lowman,
594,349.0,2020-09-18 15:15:00-06:00,44.08242,-115.61313,South Fork Payette at Lowman,
595,355.0,2020-09-18 15:30:00-06:00,44.08242,-115.61313,South Fork Payette at Lowman,
596,355.0,2020-09-18 15:45:00-06:00,44.08242,-115.61313,South Fork Payette at Lowman,
597,355.0,2020-09-18 16:00:00-06:00,44.08242,-115.61313,South Fork Payette at Lowman,
598,355.0,2020-09-18 16:15:00-06:00,44.08242,-115.61313,South Fork Payette at Lowman,
599,355.0,2020-09-18 16:30:00-06:00,44.08242,-115.61313,South Fork Payette at Lowman,
600,349.0,2020-09-18 16:45:00-06:00,44.08242,-115.61313,South Fork Payette at Lowman,
601,355.0,2020-09-18 17:00:00-06:00,44.08242,-115.61313,South Fork Payette at Lowman,
602,355.0,2020-09-18 17:15:00-06:00,44.08242,-115.61313,South Fork Payette at Lowman,
603,349.0,2020-09-18 17:30:00-06:00,44.08242,-115.61313,South Fork Payette at Lowman,
604,355.0,2020-09-18 17:45:00-06:00,44.08242,-115.61313,South Fork Payette at Lowman,
605,355.0,2020-09-18 18:00:00-06:00,44.08242,-115.61313,South Fork Payette at Lowman,
606,355.0,2020-09-18 18:15:00-06:00,44.08242,-115.61313,South Fork Payette at Lowman,
607,355.0,2020-09-18 18:30:00-06:00,44.08242,-115.61313,South Fork Payette at Lowman,
608,355.0,2020-09-18 18:45:00-06:00,44.08242,-115.61313,South Fork Payette at Lowman,
609,355.0,2020-09-18 19:00:00-06:00,44.08242,-115.61313,South Fork Payette at Lowman,
610,355.0,2020-09-18 19:15:00-06:00,44.08242,-115.61313,South Fork Payette at Lowman,
611,361.0,2020-09-18 19:30:00-06:00,44.08242,-115.61313,South Fork Payette at Lowman,
612,355.0,2020-09-18 19:45:00-06:00,44.08242,-115.61313,South Fork Payette at Lowman,
613,355.0,2020-09-18 20:00:00-06:00,44.08242,-115.61313,South Fork Payette at Lowman,
614,355.0,2020-09-18 20:15:00-06:00,44.08242,-115.61313,South Fork Payette at Lowman,
615,355.0,2020-09-18 20:30:00-06:00,44.08242,-115.61313,South Fork Payette at Lowman,
616,355.0,2020-09-18 20:45:00-06:00,44.08242,-115.61313,South Fork Payette at Lowman,
617,355.0,2020-09-18 21:00:00-06:00,44.08242,-115.61313,South Fork Payette at Lowman,
618,355.0,2020-09-18 21:15:00-06:00,44.08242,-115.61313,South Fork Payette at Lowman,
619,355.0,2020-09-18 21:30:00-06:00,44.08242,-115.61313,South Fork Payette at Lowman,
620,355.0,2020-09-18 21:45:00-06:00,44.08242,-115.61313,South Fork Payette at Lowman,
621,355.0,2020-09-18 22:00:00-06:00,44.08242,-115.61313,South Fork Payette at Lowman,
622,361.0,2020-09-18 22:15:00-06:00,44.08242,-115.61313,South Fork Payette at Lowman,
623,361.0,2020-09-18 22:30:00-06:00,44.08242,-115.61313,South Fork Payette at Lowman,
624,355.0,2020-09-18 22:45:00-06:00,44.08242,-115.61313,South Fork Payette at Lowman,
625,361.0,2020-09-18 23:00:00-06:00,44.08242,-115.61313,South Fork Payette at Lowman,
626,361.0,2020-09-18 23:15:00-06:00,44.08242,-115.61313,South Fork Payette at Lowman,
627,361.0,2020-09-18 23:30:00-06:00,44.08242,-115.61313,South Fork Payette at Lowman,
628,361.0,2020-09-18 23:45:00-06:00,44.08242,-115.61313,South Fork Payette at Lowman,
629,361.0,2020-09-19 00:00:00-06:00,44.08242,-115.61313,South Fork Payette at Lowman,
630,361.0,2020-09-19 00:15:00-06:00,44.08242,-115.61313,South Fork Payette at Lowman,
631,361.0,2020-09-19 00:30:00-06:00,44.08242,-115.61313,South Fork Payette at Lowman,
632,367.0,2020-09-19 00:45:00-06:00,44.08242,-115.61313,South Fork Payette at Lowman,
633,367.0,2020-09-19 01:00:00-06:00,44.08242,-115.61313,South Fork Payette at Lowman,
634,367.0,2020-09-19 01:15:00-06:00,44.08242,-115.61313,South Fork Payette at Lowman,
635,374.0,2020-09-19 01:30:00-06:00,44.08242,-115.61313,South Fork Payette at Lowman,
636,374.0,2020-09-19 01:45:00-06:00,44.08242,-115.61313,South Fork Payette at Lowman,
637,380.0,2020-09-19 02:00:00-06:00,44.08242,-115.61313,South Fork Payette at Lowman,
638,380.0,2020-09-19 02:15:00-06:00,44.08242,-115.61313,South Fork Payette at Lowman,
639,374.0,2020-09-19 02:30:00-06:00,44.08242,-115.61313,South Fork Payette at Lowman,
640,380.0,2020-09-19 02:45:00-06:00,44.08242,-115.61313,South Fork Payette at Lowman,
641,380.0,2020-09-19 03:00:00-06:00,44.08242,-115.61313,South Fork Payette at Lowman,
642,380.0,2020-09-19 03:15:00-06:00,44.08242,-115.61313,South Fork Payette at Lowman,
643,380.0,2020-09-19 03:30:00-06:00,44.08242,-115.61313,South Fork Payette at Lowman,
644,386.0,2020-09-19 03:45:00-06:00,44.08242,-115.61313,South Fork Payette at Lowman,
645,386.0,2020-09-19 04:00:00-06:00,44.08242,-115.61313,South Fork Payette at Lowman,
646,386.0,2020-09-19 04:15:00-06:00,44.08242,-115.61313,South Fork Payette at Lowman,
647,386.0,2020-09-19 04:30:00-06:00,44.08242,-115.61313,South Fork Payette at Lowman,
648,386.0,2020-09-19 04:45:00-06:00,44.08242,-115.61313,South Fork Payette at Lowman,
649,392.0,2020-09-19 05:00:00-06:00,44.08242,-115.61313,South Fork Payette at Lowman,
650,392.0,2020-09-19 05:15:00-06:00,44.08242,-115.61313,South Fork Payette at Lowman,
651,392.0,2020-09-19 05:30:00-06:00,44.08242,-115.61313,South Fork Payette at Lowman,
652,386.0,2020-09-19 05:45:00-06:00,44.08242,-115.61313,South Fork Payette at Lowman,
653,374.0,2020-09-19 06:00:00-06:00,44.08242,-115.61313,South Fork Payette at Lowman,
654,374.0,2020-09-19 06:15:00-06:00,44.08242,-115.61313,South Fork Payette at Lowman,
655,367.0,2020-09-19 06:30:00-06:00,44.08242,-115.61313,South Fork Payette at Lowman,
656,374.0,2020-09-19 06:45:00-06:00,44.08242,-115.61313,South Fork Payette at Lowman,
657,374.0,2020-09-19 07:00:00-06:00,44.08242,-115.61313,South Fork Payette at Lowman,
658,374.0,2020-09-19 07:15:00-06:00,44.08242,-115.61313,South Fork Payette at Lowman,
659,374.0,2020-09-19 07:30:00-06:00,44.08242,-115.61313,South Fork Payette at Lowman,
660,374.0,2020-09-19 07:45:00-06:00,44.08242,-115.61313,South Fork Payette at Lowman,
661,374.0,2020-09-19 08:00:00-06:00,44.08242,-115.61313,South Fork Payette at Lowman,
662,380.0,2020-09-19 08:15:00-06:00,44.08242,-115.61313,South Fork Payette at Lowman,
663,374.0,2020-09-19 08:30:00-06:00,44.08242,-115.61313,South Fork Payette at Lowman,
664,374.0,2020-09-19 08:45:00-06:00,44.08242,-115.61313,South Fork Payette at Lowman,
665,374.0,2020-09-19 09:00:00-06:00,44.08242,-115.61313,South Fork Payette at Lowman,
666,374.0,2020-09-19 09:15:00-06:00,44.08242,-115.61313,South Fork Payette at Lowman,
667,374.0,2020-09-19 09:30:00-06:00,44.08242,-115.61313,South Fork Payette at Lowman,
668,374.0,2020-09-19 09:45:00-06:00,44.08242,-115.61313,South Fork Payette at Lowman,
669,374.0,2020-09-19 10:00:00-06:00,44.08242,-115.61313,South Fork Payette at Lowman,
670,367.0,2020-09-19 10:15:00-06:00,44.08242,-115.61313,South Fork Payette at Lowman,
671,367.0,2020-09-19 10:30:00-06:00,44.08242,-115.61313,South Fork Payette at Lowman,
672,374.0,2020-09-19 10:45:00-06:00,44.08242,-115.61313,South Fork Payette at Lowman,
673,367.0,2020-09-19 11:00:00-06:00,44.08242,-115.61313,South Fork Payette at Lowman,
674,367.0,2020-09-19 11:15:00-06:00,44.08242,-115.61313,South Fork Payette at Lowman,
675,367.0,2020-09-19 11:30:00-06:00,44.08242,-115.61313,South Fork Payette at Lowman,
676,367.0,2020-09-19 11:45:00-06:00,44.08242,-115.61313,South Fork Payette at Lowman,
677,367.0,2020-09-19 12:00:00-06:00,44.08242,-115.61313,South Fork Payette at Lowman,
678,367.0,2020-09-19 12:15:00-06:00,44.08242,-115.61313,South Fork Payette at Lowman,
679,367.0,2020-09-19 12:30:00-06:00,44.08242,-115.61313,South Fork Payette at Lowman,
680,367.0,2020-09-19 12:45:00-06:00,44.08242,-115.61313,South Fork Payette at Lowman,
681,367.0,2020-09-19 13:00:00-06:00,44.08242,-115.61313,South Fork Payette at Lowman,
682,367.0,2020-09-19 13:15:00-06:00,44.08242,-115.61313,South Fork Payette at Lowman,
683,367.0,2020-09-19 13:30:00-06:00,44.08242,-115.61313,South Fork Payette at Lowman,
684,367.0,2020-09-19 13:45:00-06:00,44.08242,-115.61313,South Fork Payette at Lowman,
685,367.0,2020-09-19 14:00:00-06:00,44.08242,-115.61313,South Fork Payette at Lowman,
686,361.0,2020-09-19 14:15:00-06:00,44.08242,-115.61313,South Fork Payette at Lowman,
687,367.0,2020-09-19 14:30:00-06:00,44.08242,-115.61313,South Fork Payette at Lowman,
688,367.0,2020-09-19 14:45:00-06:00,44.08242,-115.61313,South Fork Payette at Lowman,
689,361.0,2020-09-19 15:00:00-06:00,44.08242,-115.61313,South Fork Payette at Lowman,
690,361.0,2020-09-19 15:15:00-06:00,44.08242,-115.61313,South Fork Payette at Lowman,
691,367.0,2020-09-19 15:30:00-06:00,44.08242,-115.61313,South Fork Payette at Lowman,
692,361.0,2020-09-19 15:45:00-06:00,44.08242,-115.61313,South Fork Payette at Lowman,
693,361.0,2020-09-19 16:00:00-06:00,44.08242,-115.61313,South Fork Payette at Lowman,
694,361.0,2020-09-19 16:15:00-06:00,44.08242,-115.61313,South Fork Payette at Lowman,
695,367.0,2020-09-19 16:30:00-06:00,44.08242,-115.61313,South Fork Payette at Lowman,
696,367.0,2020-09-19 16:45:00-06:00,44.08242,-115.61313,South Fork Payette at Lowman,
697,367.0,2020-09-19 17:00:00-06:00,44.08242,-115.61313,South Fork Payette at Lowman,
698,361.0,2020-09-19 17:15:00-06:00,44.08242,-115.61313,South Fork Payette at Lowman,
699,361.0,2020-09-19 17:30:00-06:00,44.08242,-115.61313,South Fork Payette at Lowman,
700,361.0,2020-09-19 17:45:00-06:00,44.08242,-115.61313,South Fork Payette at Lowman,
701,361.0,2020-09-19 18:00:00-06:00,44.08242,-115.61313,South Fork Payette at Lowman,
702,361.0,2020-09-19 18:15:00-06:00,44.08242,-115.61313,South Fork Payette at Lowman,
703,361.0,2020-09-19 18:30:00-06:00,44.08242,-115.61313,South Fork Payette at Lowman,
704,361.0,2020-09-19 18:45:00-06:00,44.08242,-115.61313,South Fork Payette at Lowman,
705,361.0,2020-09-19 19:00:00-06:00,44.08242,-115.61313,South Fork Payette at Lowman,
706,361.0,2020-09-19 19:15:00-06:00,44.08242,-115.61313,South Fork Payette at Lowman,
707,355.0,2020-09-19 19:30:00-06:00,44.08242,-115.61313,South Fork Payette at Lowman,
708,361.0,2020-09-19 19:45:00-06:00,44.08242,-115.61313,South Fork Payette at Lowman,
709,355.0,2020-09-19 20:00:00-06:00,44.08242,-115.61313,South Fork Payette at Lowman,
710,361.0,2020-09-19 20:15:00-06:00,44.08242,-115.61313,South Fork Payette at Lowman,
711,361.0,2020-09-19 20:30:00-06:00,44.08242,-115.61313,South Fork Payette at Lowman,
712,355.0,2020-09-19 20:45:00-06:00,44.08242,-115.61313,South Fork Payette at Lowman,
713,361.0,2020-09-19 21:00:00-06:00,44.08242,-115.61313,South Fork Payette at Lowman,
714,355.0,2020-09-19 21:15:00-06:00,44.08242,-115.61313,South Fork Payette at Lowman,
715,361.0,2020-09-19 21:30:00-06:00,44.08242,-115.61313,South Fork Payette at Lowman,
716,355.0,2020-09-19 21:45:00-06:00,44.08242,-115.61313,South Fork Payette at Lowman,
717,355.0,2020-09-19 22:00:00-06:00,44.08242,-115.61313,South Fork Payette at Lowman,
718,355.0,2020-09-19 22:15:00-06:00,44.08242,-115.61313,South Fork Payette at Lowman,
719,355.0,2020-09-19 22:30:00-06:00,44.08242,-115.61313,South Fork Payette at Lowman,
720,355.0,2020-09-19 22:45:00-06:00,44.08242,-115.61313,South Fork Payette at Lowman,
721,355.0,2020-09-19 23:00:00-06:00,44.08242,-115.61313,South Fork Payette at Lowman,
722,355.0,2020-09-19 23:15:00-06:00,44.08242,-115.61313,South Fork Payette at Lowman,
723,355.0,2020-09-19 23:30:00-06:00,44.08242,-115.61313,South Fork Payette at Lowman,
724,355.0,2020-09-19 23:45:00-06:00,44.08242,-115.61313,South Fork Payette at Lowman,
725,355.0,2020-09-20 00:00:00-06:00,44.08242,-115.61313,South Fork Payette at Lowman,
726,361.0,2020-09-20 00:15:00-06:00,44.08242,-115.61313,South Fork Payette at Lowman,
727,355.0,2020-09-20 00:30:00-06:00,44.08242,-115.61313,South Fork Payette at Lowman,
728,355.0,2020-09-20 00:45:00-06:00,44.08242,-115.61313,South Fork Payette at Lowman,
729,355.0,2020-09-20 01:00:00-06:00,44.08242,-115.61313,South Fork Payette at Lowman,
730,355.0,2020-09-20 01:15:00-06:00,44.08242,-115.61313,South Fork Payette at Lowman,
731,355.0,2020-09-20 01:30:00-06:00,44.08242,-115.61313,South Fork Payette at Lowman,
732,355.0,2020-09-20 01:45:00-06:00,44.08242,-115.61313,South Fork Payette at Lowman,
733,355.0,2020-09-20 02:00:00-06:00,44.08242,-115.61313,South Fork Payette at Lowman,
734,355.0,2020-09-20 02:15:00-06:00,44.08242,-115.61313,South Fork Payette at Lowman,
735,355.0,2020-09-20 02:30:00-06:00,44.08242,-115.61313,South Fork Payette at Lowman,
736,355.0,2020-09-20 02:45:00-06:00,44.08242,-115.61313,South Fork Payette at Lowman,
737,355.0,2020-09-20 03:00:00-06:00,44.08242,-115.61313,South Fork Payette at Lowman,
738,355.0,2020-09-20 03:15:00-06:00,44.08242,-115.61313,South Fork Payette at Lowman,
739,355.0,2020-09-20 03:30:00-06:00,44.08242,-115.61313,South Fork Payette at Lowman,
740,355.0,2020-09-20 03:45:00-06:00,44.08242,-115.61313,South Fork Payette at Lowman,
741,355.0,2020-09-20 04:00:00-06:00,44.08242,-115.61313,South Fork Payette at Lowman,
742,355.0,2020-09-20 04:15:00-06:00,44.08242,-115.61313,South Fork Payette at Lowman,
743,355.0,2020-09-20 04:30:00-06:00,44.08242,-115.61313,South Fork Payette at Lowman,
744,349.0,2020-09-20 04:45:00-06:00,44.08242,-115.61313,South Fork Payette at Lowman,
745,355.0,2020-09-20 05:00:00-06:00,44.08242,-115.61313,South Fork Payette at Lowman,
746,355.0,2020-09-20 05:15:00-06:00,44.08242,-115.61313,South Fork Payette at Lowman,
747,349.0,2020-09-20 05:30:00-06:00,44.08242,-115.61313,South Fork Payette at Lowman,
748,355.0,2020-09-20 05:45:00-06:00,44.08242,-115.61313,South Fork Payette at Lowman,
749,355.0,2020-09-20 06:00:00-06:00,44.08242,-115.61313,South Fork Payette at Lowman,
750,349.0,2020-09-20 06:15:00-06:00,44.08242,-115.61313,South Fork Payette at Lowman,
751,355.0,2020-09-20 06:30:00-06:00,44.08242,-115.61313,South Fork Payette at Lowman,
752,349.0,2020-09-20 06:45:00-06:00,44.08242,-115.61313,South Fork Payette at Lowman,
753,349.0,2020-09-20 07:00:00-06:00,44.08242,-115.61313,South Fork Payette at Lowman,
754,355.0,2020-09-20 07:15:00-06:00,44.08242,-115.61313,South Fork Payette at Lowman,
755,349.0,2020-09-20 07:30:00-06:00,44.08242,-115.61313,South Fork Payette at Lowman,
756,355.0,2020-09-20 07:45:00-06:00,44.08242,-115.61313,South Fork Payette at Lowman,
757,355.0,2020-09-20 08:00:00-06:00,44.08242,-115.61313,South Fork Payette at Lowman,
758,355.0,2020-09-20 08:15:00-06:00,44.08242,-115.61313,South Fork Payette at Lowman,
759,355.0,2020-09-20 08:30:00-06:00,44.08242,-115.61313,South Fork Payette at Lowman,
760,349.0,2020-09-20 08:45:00-06:00,44.08242,-115.61313,South Fork Payette at Lowman,
761,355.0,2020-09-20 09:00:00-06:00,44.08242,-115.61313,South Fork Payette at Lowman,
762,355.0,2020-09-20 09:15:00-06:00,44.08242,-115.61313,South Fork Payette at Lowman,
763,349.0,2020-09-20 09:30:00-06:00,44.08242,-115.61313,South Fork Payette at Lowman,
764,349.0,2020-09-20 09:45:00-06:00,44.08242,-115.61313,South Fork Payette at Lowman,
765,355.0,2020-09-20 10:00:00-06:00,44.08242,-115.61313,South Fork Payette at Lowman,
766,349.0,2020-09-20 10:15:00-06:00,44.08242,-115.61313,South Fork Payette at Lowman,
767,349.0,2020-09-20 10:30:00-06:00,44.08242,-115.61313,South Fork Payette at Lowman,
768,349.0,2020-09-20 10:45:00-06:00,44.08242,-115.61313,South Fork Payette at Lowman,
769,349.0,2020-09-20 11:00:00-06:00,44.08242,-115.61313,South Fork Payette at Lowman,
770,349.0,2020-09-20 11:15:00-06:00,44.08242,-115.61313,South Fork Payette at Lowman,
771,349.0,2020-09-20 11:30:00-06:00,44.08242,-115.61313,South Fork Payette at Lowman,
772,349.0,2020-09-20 11:45:00-06:00,44.08242,-115.61313,South Fork Payette at Lowman,
773,343.0,2020-09-20 12:00:00-06:00,44.08242,-115.61313,South Fork Payette at Lowman,
774,355.0,2020-09-20 12:15:00-06:00,44.08242,-115.61313,South Fork Payette at Lowman,
775,349.0,2020-09-20 12:30:00-06:00,44.08242,-115.61313,South Fork Payette at Lowman,
776,349.0,2020-09-20 12:45:00-06:00,44.08242,-115.61313,South Fork Payette at Lowman,
777,355.0,2020-09-20 13:00:00-06:00,44.08242,-115.61313,South Fork Payette at Lowman,
778,355.0,2020-09-20 13:15:00-06:00,44.08242,-115.61313,South Fork Payette at Lowman,
779,355.0,2020-09-20 13:30:00-06:00,44.08242,-115.61313,South Fork Payette at Lowman,
780,349.0,2020-09-20 13:45:00-06:00,44.08242,-115.61313,South Fork Payette at Lowman,
781,355.0,2020-09-20 14:00:00-06:00,44.08242,-115.61313,South Fork Payette at Lowman,
782,349.0,2020-09-20 14:15:00-06:00,44.08242,-115.61313,South Fork Payette at Lowman,
783,355.0,2020-09-20 14:30:00-06:00,44.08242,-115.61313,South Fork Payette at Lowman,
784,349.0,2020-09-20 14:45:00-06:00,44.08242,-115.61313,South Fork Payette at Lowman,
785,355.0,2020-09-20 15:00:00-06:00,44.08242,-115.61313,South Fork Payette at Lowman,
786,355.0,2020-09-20 15:15:00-06:00,44.08242,-115.61313,South Fork Payette at Lowman,
787,355.0,2020-09-20 15:30:00-06:00,44.08242,-115.61313,South Fork Payette at Lowman,
788,349.0,2020-09-20 15:45:00-06:00,44.08242,-115.61313,South Fork Payette at Lowman,
789,349.0,2020-09-20 16:00:00-06:00,44.08242,-115.61313,South Fork Payette at Lowman,
790,355.0,2020-09-20 16:15:00-06:00,44.08242,-115.61313,South Fork Payette at Lowman,
791,349.0,2020-09-20 16:30:00-06:00,44.08242,-115.61313,South Fork Payette at Lowman,
792,349.0,2020-09-20 16:45:00-06:00,44.08242,-115.61313,South Fork Payette at Lowman,
793,355.0,2020-09-20 17:00:00-06:00,44.08242,-115.61313,South Fork Payette at Lowman,
794,355.0,2020-09-20 17:15:00-06:00,44.08242,-115.61313,South Fork Payette at Lowman,
795,355.0,2020-09-20 17:30:00-06:00,44.08242,-115.61313,South Fork Payette at Lowman,
796,355.0,2020-09-20 17:45:00-06:00,44.08242,-115.61313,South Fork Payette at Lowman,
797,355.0,2020-09-20 18:00:00-06:00,44.08242,-115.61313,South Fork Payette at Lowman,
798,355.0,2020-09-20 18:15:00-06:00,44.08242,-115.61313,South Fork Payette at Lowman,
799,349.0,2020-09-20 18:30:00-06:00,44.08242,-115.61313,South Fork Payette at Lowman,
800,349.0,2020-09-20 18:45:00-06:00,44.08242,-115.61313,South Fork Payette at Lowman,
801,349.0,2020-09-20 19:00:00-06:00,44.08242,-115.61313,South Fork Payette at Lowman,
802,355.0,2020-09-20 19:15:00-06:00,44.08242,-115.61313,South Fork Payette at Lowman,
803,349.0,2020-09-20 19:30:00-06:00,44.08242,-115.61313,South Fork Payette at Lowman,
804,349.0,2020-09-20 19:45:00-06:00,44.08242,-115.61313,South Fork Payette at Lowman,
805,349.0,2020-09-20 20:00:00-06:00,44.08242,-115.61313,South Fork Payette at Lowman,
806,349.0,2020-09-20 20:15:00-06:00,44.08242,-115.61313,South Fork Payette at Lowman,
807,349.0,2020-09-20 20:30:00-06:00,44.08242,-115.61313,South Fork Payette at Lowman,
808,349.0,2020-09-20 20:45:00-06:00,44.08242,-115.61313,South Fork Payette at Lowman,
809,349.0,2020-09-20 21:00:00-06:00,44.08242,-115.61313,South Fork Payette at Lowman,
810,349.0,2020-09-20 21:15:00-06:00,44.08242,-115.61313,South Fork Payette at Lowman,
811,343.0,2020-09-20 21:30:00-06:00,44.08242,-115.61313,South Fork Payette at Lowman,
812,349.0,2020-09-20 21:45:00-06:00,44.08242,-115.61313,South Fork Payette at Lowman,
813,343.0,2020-09-20 22:00:00-06:00,44.08242,-115.61313,South Fork Payette at Lowman,
814,349.0,2020-09-20 22:15:00-06:00,44.08242,-115.61313,South Fork Payette at Lowman,
815,349.0,2020-09-20 22:30:00-06:00,44.08242,-115.61313,South Fork Payette at Lowman,
816,343.0,2020-09-20 22:45:00-06:00,44.08242,-115.61313,South Fork Payette at Lowman,
817,343.0,2020-09-20 23:00:00-06:00,44.08242,-115.61313,South Fork Payette at Lowman,
818,343.0,2020-09-20 23:15:00-06:00,44.08242,-115.61313,South Fork Payette at Lowman,
819,343.0,2020-09-20 23:30:00-06:00,44.08242,-115.61313,South Fork Payette at Lowman,
820,343.0,2020-09-20 23:45:00-06:00,44.08242,-115.61313,South Fork Payette at Lowman,
821,343.0,2020-09-21 00:00:00-06:00,44.08242,-115.61313,South Fork Payette at Lowman,
822,343.0,2020-09-21 00:15:00-06:00,44.08242,-115.61313,South Fork Payette at Lowman,
823,343.0,2020-09-21 00:30:00-06:00,44.08242,-115.61313,South Fork Payette at Lowman,
824,343.0,2020-09-21 00:45:00-06:00,44.08242,-115.61313,South Fork Payette at Lowman,
825,343.0,2020-09-21 01:00:00-06:00,44.08242,-115.61313,South Fork Payette at Lowman,
826,343.0,2020-09-21 01:15:00-06:00,44.08242,-115.61313,South Fork Payette at Lowman,
827,343.0,2020-09-21 01:30:00-06:00,44.08242,-115.61313,South Fork Payette at Lowman,
828,343.0,2020-09-21 01:45:00-06:00,44.08242,-115.61313,South Fork Payette at Lowman,
829,343.0,2020-09-21 02:00:00-06:00,44.08242,-115.61313,South Fork Payette at Lowman,
830,343.0,2020-09-21 02:15:00-06:00,44.08242,-115.61313,South Fork Payette at Lowman,
831,337.0,2020-09-21 02:30:00-06:00,44.08242,-115.61313,South Fork Payette at Lowman,
832,337.0,2020-09-21 02:45:00-06:00,44.08242,-115.61313,South Fork Payette at Lowman,
833,337.0,2020-09-21 03:00:00-06:00,44.08242,-115.61313,South Fork Payette at Lowman,
834,343.0,2020-09-21 03:15:00-06:00,44.08242,-115.61313,South Fork Payette at Lowman,
835,337.0,2020-09-21 03:30:00-06:00,44.08242,-115.61313,South Fork Payette at Lowman,
836,337.0,2020-09-21 03:45:00-06:00,44.08242,-115.61313,South Fork Payette at Lowman,
837,337.0,2020-09-21 04:00:00-06:00,44.08242,-115.61313,South Fork Payette at Lowman,
838,343.0,2020-09-21 04:15:00-06:00,44.08242,-115.61313,South Fork Payette at Lowman,
839,337.0,2020-09-21 04:30:00-06:00,44.08242,-115.61313,South Fork Payette at Lowman,
840,337.0,2020-09-21 04:45:00-06:00,44.08242,-115.61313,South Fork Payette at Lowman,
841,337.0,2020-09-21 05:00:00-06:00,44.08242,-115.61313,South Fork Payette at Lowman,
842,337.0,2020-09-21 05:15:00-06:00,44.08242,-115.61313,South Fork Payette at Lowman,
843,337.0,2020-09-21 05:30:00-06:00,44.08242,-115.61313,South Fork Payette at Lowman,
844,337.0,2020-09-21 05:45:00-06:00,44.08242,-115.61313,South Fork Payette at Lowman,
845,343.0,2020-09-21 06:00:00-06:00,44.08242,-115.61313,South Fork Payette at Lowman,
846,337.0,2020-09-21 06:15:00-06:00,44.08242,-115.61313,South Fork Payette at Lowman,
847,337.0,2020-09-21 06:30:00-06:00,44.08242,-115.61313,South Fork Payette at Lowman,
848,343.0,2020-09-21 06:45:00-06:00,44.08242,-115.61313,South Fork Payette at Lowman,
849,337.0,2020-09-21 07:00:00-06:00,44.08242,-115.61313,South Fork Payette at Lowman,
850,337.0,2020-09-21 07:15:00-06:00,44.08242,-115.61313,South Fork Payette at Lowman,
851,337.0,2020-09-21 07:30:00-06:00,44.08242,-115.61313,South Fork Payette at Lowman,
852,343.0,2020-09-21 07:45:00-06:00,44.08242,-115.61313,South Fork Payette at Lowman,
853,343.0,2020-09-21 08:00:00-06:00,44.08242,-115.61313,South Fork Payette at Lowman,
854,343.0,2020-09-21 08:15:00-06:00,44.08242,-115.61313,South Fork Payette at Lowman,
855,343.0,2020-09-21 08:30:00-06:00,44.08242,-115.61313,South Fork Payette at Lowman,
856,343.0,2020-09-21 08:45:00-06:00,44.08242,-115.61313,South Fork Payette at Lowman,
857,343.0,2020-09-21 09:00:00-06:00,44.08242,-115.61313,South Fork Payette at Lowman,
858,343.0,2020-09-21 09:15:00-06:00,44.08242,-115.61313,South Fork Payette at Lowman,
859,343.0,2020-09-21 09:30:00-06:00,44.08242,-115.61313,South Fork Payette at Lowman,
860,343.0,2020-09-21 09:45:00-06:00,44.08242,-115.61313,South Fork Payette at Lowman,
861,337.0,2020-09-21 10:00:00-06:00,44.08242,-115.61313,South Fork Payette at Lowman,
862,343.0,2020-09-21 10:15:00-06:00,44.08242,-115.61313,South Fork Payette at Lowman,
863,337.0,2020-09-21 10:30:00-06:00,44.08242,-115.61313,South Fork Payette at Lowman,
864,343.0,2020-09-21 10:45:00-06:00,44.08242,-115.61313,South Fork Payette at Lowman,
865,343.0,2020-09-21 11:00:00-06:00,44.08242,-115.61313,South Fork Payette at Lowman,
866,343.0,2020-09-21 11:15:00-06:00,44.08242,-115.61313,South Fork Payette at Lowman,
867,343.0,2020-09-21 11:30:00-06:00,44.08242,-115.61313,South Fork Payette at Lowman,
868,343.0,2020-09-21 11:45:00-06:00,44.08242,-115.61313,South Fork Payette at Lowman,
869,343.0,2020-09-21 12:00:00-06:00,44.08242,-115.61313,South Fork Payette at Lowman,
870,343.0,2020-09-21 12:15:00-06:00,44.08242,-115.61313,South Fork Payette at Lowman,
871,343.0,2020-09-21 12:30:00-06:00,44.08242,-115.61313,South Fork Payette at Lowman,
872,343.0,2020-09-21 12:45:00-06:00,44.08242,-115.61313,South Fork Payette at Lowman,
873,343.0,2020-09-21 13:00:00-06:00,44.08242,-115.61313,South Fork Payette at Lowman,
874,349.0,2020-09-21 13:15:00-06:00,44.08242,-115.61313,South Fork Payette at Lowman,
875,343.0,2020-09-21 13:30:00-06:00,44.08242,-115.61313,South Fork Payette at Lowman,
876,343.0,2020-09-21 13:45:00-06:00,44.08242,-115.61313,South Fork Payette at Lowman,
877,343.0,2020-09-21 14:00:00-06:00,44.08242,-115.61313,South Fork Payette at Lowman,
878,337.0,2020-09-21 14:15:00-06:00,44.08242,-115.61313,South Fork Payette at Lowman,
879,343.0,2020-09-21 14:30:00-06:00,44.08242,-115.61313,South Fork Payette at Lowman,
880,343.0,2020-09-21 14:45:00-06:00,44.08242,-115.61313,South Fork Payette at Lowman,
881,343.0,2020-09-21 15:00:00-06:00,44.08242,-115.61313,South Fork Payette at Lowman,
882,343.0,2020-09-21 15:15:00-06:00,44.08242,-115.61313,South Fork Payette at Lowman,
883,343.0,2020-09-21 15:30:00-06:00,44.08242,-115.61313,South Fork Payette at Lowman,
884,343.0,2020-09-21 15:45:00-06:00,44.08242,-115.61313,South Fork Payette at Lowman,
885,343.0,2020-09-21 16:00:00-06:00,44.08242,-115.61313,South Fork Payette at Lowman,
886,343.0,2020-09-21 16:15:00-06:00,44.08242,-115.61313,South Fork Payette at Lowman,
887,343.0,2020-09-21 16:30:00-06:00,44.08242,-115.61313,South Fork Payette at Lowman,
888,343.0,2020-09-21 16:45:00-06:00,44.08242,-115.61313,South Fork Payette at Lowman,
889,343.0,2020-09-21 17:00:00-06:00,44.08242,-115.61313,South Fork Payette at Lowman,
890,343.0,2020-09-21 17:15:00-06:00,44.08242,-115.61313,South Fork Payette at Lowman,
891,343.0,2020-09-21 17:30:00-06:00,44.08242,-115.61313,South Fork Payette at Lowman,
892,343.0,2020-09-21 17:45:00-06:00,44.08242,-115.61313,South Fork Payette at Lowman,
893,343.0,2020-09-21 18:00:00-06:00,44.08242,-115.61313,South Fork Payette at Lowman,
894,343.0,2020-09-21 18:15:00-06:00,44.08242,-115.61313,South Fork Payette at Lowman,
895,343.0,2020-09-21 18:30:00-06:00,44.08242,-115.61313,South Fork Payette at Lowman,
896,343.0,2020-09-21 18:45:00-06:00,44.08242,-115.61313,South Fork Payette at Lowman,
897,337.0,2020-09-21 19:00:00-06:00,44.08242,-115.61313,South Fork Payette at Lowman,
898,343.0,2020-09-21 19:15:00-06:00,44.08242,-115.61313,South Fork Payette at Lowman,
899,337.0,2020-09-21 19:30:00-06:00,44.08242,-115.61313,South Fork Payette at Lowman,
900,337.0,2020-09-21 19:45:00-06:00,44.08242,-115.61313,South Fork Payette at Lowman,
901,337.0,2020-09-21 20:00:00-06:00,44.08242,-115.61313,South Fork Payette at Lowman,
902,337.0,2020-09-21 20:15:00-06:00,44.08242,-115.61313,South Fork Payette at Lowman,
903,337.0,2020-09-21 20:30:00-06:00,44.08242,-115.61313,South Fork Payette at Lowman,
904,337.0,2020-09-21 20:45:00-06:00,44.08242,-115.61313,South Fork Payette at Lowman,
905,337.0,2020-09-21 21:00:00-06:00,44.08242,-115.61313,South Fork Payette at Lowman,
906,337.0,2020-09-21 21:15:00-06:00,44.08242,-115.61313,South Fork Payette at Lowman,
907,337.0,2020-09-21 21:30:00-06:00,44.08242,-115.61313,South Fork Payette at Lowman,
908,337.0,2020-09-21 21:45:00-06:00,44.08242,-115.61313,South Fork Payette at Lowman,
909,332.0,2020-09-21 22:00:00-06:00,44.08242,-115.61313,South Fork Payette at Lowman,
910,332.0,2020-09-21 22:15:00-06:00,44.08242,-115.61313,South Fork Payette at Lowman,
911,332.0,2020-09-21 22:30:00-06:00,44.08242,-115.61313,South Fork Payette at Lowman,
912,332.0,2020-09-21 22:45:00-06:00,44.08242,-115.61313,South Fork Payette at Lowman,
913,332.0,2020-09-21 23:00:00-06:00,44.08242,-115.61313,South Fork Payette at Lowman,
914,332.0,2020-09-21 23:15:00-06:00,44.08242,-115.61313,South Fork Payette at Lowman,
915,326.0,2020-09-21 23:30:00-06:00,44.08242,-115.61313,South Fork Payette at Lowman,
916,337.0,2020-09-21 23:45:00-06:00,44.08242,-115.61313,South Fork Payette at Lowman,
917,332.0,2020-09-22 00:00:00-06:00,44.08242,-115.61313,South Fork Payette at Lowman,
918,326.0,2020-09-22 00:15:00-06:00,44.08242,-115.61313,South Fork Payette at Lowman,
919,332.0,2020-09-22 00:30:00-06:00,44.08242,-115.61313,South Fork Payette at Lowman,
920,326.0,2020-09-22 00:45:00-06:00,44.08242,-115.61313,South Fork Payette at Lowman,
921,332.0,2020-09-22 01:00:00-06:00,44.08242,-115.61313,South Fork Payette at Lowman,
922,326.0,2020-09-22 01:15:00-06:00,44.08242,-115.61313,South Fork Payette at Lowman,
923,332.0,2020-09-22 01:30:00-06:00,44.08242,-115.61313,South Fork Payette at Lowman,
924,332.0,2020-09-22 01:45:00-06:00,44.08242,-115.61313,South Fork Payette at Lowman,
925,326.0,2020-09-22 02:00:00-06:00,44.08242,-115.61313,South Fork Payette at Lowman,
926,332.0,2020-09-22 02:15:00-06:00,44.08242,-115.61313,South Fork Payette at Lowman,
927,332.0,2020-09-22 02:30:00-06:00,44.08242,-115.61313,South Fork Payette at Lowman,
928,326.0,2020-09-22 02:45:00-06:00,44.08242,-115.61313,South Fork Payette at Lowman,
929,332.0,2020-09-22 03:00:00-06:00,44.08242,-115.61313,South Fork Payette at Lowman,
930,332.0,2020-09-22 03:15:00-06:00,44.08242,-115.61313,South Fork Payette at Lowman,
931,332.0,2020-09-22 03:30:00-06:00,44.08242,-115.61313,South Fork Payette at Lowman,
932,332.0,2020-09-22 03:45:00-06:00,44.08242,-115.61313,South Fork Payette at Lowman,
933,332.0,2020-09-22 04:00:00-06:00,44.08242,-115.61313,South Fork Payette at Lowman,
934,332.0,2020-09-22 04:15:00-06:00,44.08242,-115.61313,South Fork Payette at Lowman,
935,332.0,2020-09-22 04:30:00-06:00,44.08242,-115.61313,South Fork Payette at Lowman,
936,332.0,2020-09-22 04:45:00-06:00,44.08242,-115.61313,South Fork Payette at Lowman,
937,332.0,2020-09-22 05:00:00-06:00,44.08242,-115.61313,South Fork Payette at Lowman,
938,326.0,2020-09-22 05:15:00-06:00,44.08242,-115.61313,South Fork Payette at Lowman,
939,332.0,2020-09-22 05:30:00-06:00,44.08242,-115.61313,South Fork Payette at Lowman,
940,332.0,2020-09-22 05:45:00-06:00,44.08242,-115.61313,South Fork Payette at Lowman,
941,332.0,2020-09-22 06:00:00-06:00,44.08242,-115.61313,South Fork Payette at Lowman,
942,326.0,2020-09-22 06:15:00-06:00,44.08242,-115.61313,South Fork Payette at Lowman,
943,332.0,2020-09-22 06:30:00-06:00,44.08242,-115.61313,South Fork Payette at Lowman,
944,326.0,2020-09-22 06:45:00-06:00,44.08242,-115.61313,South Fork Payette at Lowman,
945,332.0,2020-09-22 07:00:00-06:00,44.08242,-115.61313,South Fork Payette at Lowman,
946,332.0,2020-09-22 07:15:00-06:00,44.08242,-115.61313,South Fork Payette at Lowman,
947,332.0,2020-09-22 07:30:00-06:00,44.08242,-115.61313,South Fork Payette at Lowman,
948,332.0,2020-09-22 07:45:00-06:00,44.08242,-115.61313,South Fork Payette at Lowman,
949,332.0,2020-09-22 08:00:00-06:00,44.08242,-115.61313,South Fork Payette at Lowman,
950,332.0,2020-09-22 08:15:00-06:00,44.08242,-115.61313,South Fork Payette at Lowman,
951,332.0,2020-09-22 08:30:00-06:00,44.08242,-115.61313,South Fork Payette at Lowman,
952,332.0,2020-09-22 08:45:00-06:00,44.08242,-115.61313,South Fork Payette at Lowman,
953,332.0,2020-09-22 09:00:00-06:00,44.08242,-115.61313,South Fork Payette at Lowman,
954,337.0,2020-09-22 09:15:00-06:00,44.08242,-115.61313,South Fork Payette at Lowman,
955,332.0,2020-09-22 09:30:00-06:00,44.08242,-115.61313,South Fork Payette at Lowman,
956,337.0,2020-09-22 09:45:00-06:00,44.08242,-115.61313,South Fork Payette at Lowman,
957,337.0,2020-09-22 10:00:00-06:00,44.08242,-115.61313,South Fork Payette at Lowman,
958,337.0,2020-09-22 10:15:00-06:00,44.08242,-115.61313,South Fork Payette at Lowman,
959,337.0,2020-09-22 10:30:00-06:00,44.08242,-115.61313,South Fork Payette at Lowman,
960,,2020-09-22 10:44:10.000211,44.08242,-115.61313,South Fork Payette at Lowman,337.0
961,,2020-09-23 10:44:10.000211,44.08242,-115.61313,South Fork Payette at Lowman,339.24481201171875
962,,2020-09-24 10:44:10.000211,44.08242,-115.61313,South Fork Payette at Lowman,344.5538024902344
963,,2020-09-25 10:44:10.000211,44.08242,-115.61313,South Fork Payette at Lowman,349.81744384765625
964,,2020-09-26 10:44:10.000211,44.08242,-115.61313,South Fork Payette at Lowman,353.0545349121094
965,,2020-09-27 10:44:10.000211,44.08242,-115.61313,South Fork Payette at Lowman,355.08258056640625
966,,2020-09-28 10:44:10.000211,44.08242,-115.61313,South Fork Payette at Lowman,355.8908386230469
