,cfs,date,Observation,Forecast,station,lat,lon
0,,2020-09-09 11:00:00-06:00,367.0,,South Fork Payette at Lowman,44.08242,-115.61313
1,,2020-09-09 11:15:00-06:00,374.0,,South Fork Payette at Lowman,44.08242,-115.61313
2,,2020-09-09 11:30:00-06:00,367.0,,South Fork Payette at Lowman,44.08242,-115.61313
3,,2020-09-09 11:45:00-06:00,374.0,,South Fork Payette at Lowman,44.08242,-115.61313
4,,2020-09-09 12:00:00-06:00,374.0,,South Fork Payette at Lowman,44.08242,-115.61313
5,,2020-09-09 12:15:00-06:00,374.0,,South Fork Payette at Lowman,44.08242,-115.61313
6,,2020-09-09 12:30:00-06:00,374.0,,South Fork Payette at Lowman,44.08242,-115.61313
7,,2020-09-09 12:45:00-06:00,367.0,,South Fork Payette at Lowman,44.08242,-115.61313
8,,2020-09-09 13:00:00-06:00,374.0,,South Fork Payette at Lowman,44.08242,-115.61313
9,,2020-09-09 13:15:00-06:00,374.0,,South Fork Payette at Lowman,44.08242,-115.61313
10,,2020-09-09 13:30:00-06:00,374.0,,South Fork Payette at Lowman,44.08242,-115.61313
11,,2020-09-09 13:45:00-06:00,374.0,,South Fork Payette at Lowman,44.08242,-115.61313
12,,2020-09-09 14:00:00-06:00,374.0,,South Fork Payette at Lowman,44.08242,-115.61313
13,,2020-09-09 14:15:00-06:00,374.0,,South Fork Payette at Lowman,44.08242,-115.61313
14,,2020-09-09 14:30:00-06:00,374.0,,South Fork Payette at Lowman,44.08242,-115.61313
15,,2020-09-09 14:45:00-06:00,380.0,,South Fork Payette at Lowman,44.08242,-115.61313
16,,2020-09-09 15:00:00-06:00,374.0,,South Fork Payette at Lowman,44.08242,-115.61313
17,,2020-09-09 15:15:00-06:00,374.0,,South Fork Payette at Lowman,44.08242,-115.61313
18,,2020-09-09 15:30:00-06:00,380.0,,South Fork Payette at Lowman,44.08242,-115.61313
19,,2020-09-09 15:45:00-06:00,380.0,,South Fork Payette at Lowman,44.08242,-115.61313
20,,2020-09-09 16:00:00-06:00,374.0,,South Fork Payette at Lowman,44.08242,-115.61313
21,,2020-09-09 16:15:00-06:00,374.0,,South Fork Payette at Lowman,44.08242,-115.61313
22,,2020-09-09 16:30:00-06:00,374.0,,South Fork Payette at Lowman,44.08242,-115.61313
23,,2020-09-09 16:45:00-06:00,374.0,,South Fork Payette at Lowman,44.08242,-115.61313
24,,2020-09-09 17:00:00-06:00,374.0,,South Fork Payette at Lowman,44.08242,-115.61313
25,,2020-09-09 17:15:00-06:00,374.0,,South Fork Payette at Lowman,44.08242,-115.61313
26,,2020-09-09 17:30:00-06:00,374.0,,South Fork Payette at Lowman,44.08242,-115.61313
27,,2020-09-09 17:45:00-06:00,374.0,,South Fork Payette at Lowman,44.08242,-115.61313
28,,2020-09-09 18:00:00-06:00,380.0,,South Fork Payette at Lowman,44.08242,-115.61313
29,,2020-09-09 18:15:00-06:00,380.0,,South Fork Payette at Lowman,44.08242,-115.61313
30,,2020-09-09 18:30:00-06:00,374.0,,South Fork Payette at Lowman,44.08242,-115.61313
31,,2020-09-09 18:45:00-06:00,374.0,,South Fork Payette at Lowman,44.08242,-115.61313
32,,2020-09-09 19:00:00-06:00,367.0,,South Fork Payette at Lowman,44.08242,-115.61313
33,,2020-09-09 19:15:00-06:00,374.0,,South Fork Payette at Lowman,44.08242,-115.61313
34,,2020-09-09 19:30:00-06:00,367.0,,South Fork Payette at Lowman,44.08242,-115.61313
35,,2020-09-09 19:45:00-06:00,374.0,,South Fork Payette at Lowman,44.08242,-115.61313
36,,2020-09-09 20:00:00-06:00,374.0,,South Fork Payette at Lowman,44.08242,-115.61313
37,,2020-09-09 20:15:00-06:00,374.0,,South Fork Payette at Lowman,44.08242,-115.61313
38,,2020-09-09 20:30:00-06:00,374.0,,South Fork Payette at Lowman,44.08242,-115.61313
39,,2020-09-09 20:45:00-06:00,367.0,,South Fork Payette at Lowman,44.08242,-115.61313
40,,2020-09-09 21:00:00-06:00,367.0,,South Fork Payette at Lowman,44.08242,-115.61313
41,,2020-09-09 21:15:00-06:00,367.0,,South Fork Payette at Lowman,44.08242,-115.61313
42,,2020-09-09 21:30:00-06:00,367.0,,South Fork Payette at Lowman,44.08242,-115.61313
43,,2020-09-09 21:45:00-06:00,367.0,,South Fork Payette at Lowman,44.08242,-115.61313
44,,2020-09-09 22:00:00-06:00,374.0,,South Fork Payette at Lowman,44.08242,-115.61313
45,,2020-09-09 22:15:00-06:00,367.0,,South Fork Payette at Lowman,44.08242,-115.61313
46,,2020-09-09 22:30:00-06:00,367.0,,South Fork Payette at Lowman,44.08242,-115.61313
47,,2020-09-09 22:45:00-06:00,367.0,,South Fork Payette at Lowman,44.08242,-115.61313
48,,2020-09-09 23:00:00-06:00,367.0,,South Fork Payette at Lowman,44.08242,-115.61313
49,,2020-09-09 23:15:00-06:00,367.0,,South Fork Payette at Lowman,44.08242,-115.61313
50,,2020-09-09 23:30:00-06:00,361.0,,South Fork Payette at Lowman,44.08242,-115.61313
51,,2020-09-09 23:45:00-06:00,361.0,,South Fork Payette at Lowman,44.08242,-115.61313
52,,2020-09-10 00:00:00-06:00,361.0,,South Fork Payette at Lowman,44.08242,-115.61313
53,,2020-09-10 00:15:00-06:00,367.0,,South Fork Payette at Lowman,44.08242,-115.61313
54,,2020-09-10 00:30:00-06:00,361.0,,South Fork Payette at Lowman,44.08242,-115.61313
55,,2020-09-10 00:45:00-06:00,361.0,,South Fork Payette at Lowman,44.08242,-115.61313
56,,2020-09-10 01:00:00-06:00,361.0,,South Fork Payette at Lowman,44.08242,-115.61313
57,,2020-09-10 01:15:00-06:00,361.0,,South Fork Payette at Lowman,44.08242,-115.61313
58,,2020-09-10 01:30:00-06:00,361.0,,South Fork Payette at Lowman,44.08242,-115.61313
59,,2020-09-10 01:45:00-06:00,361.0,,South Fork Payette at Lowman,44.08242,-115.61313
60,,2020-09-10 02:00:00-06:00,355.0,,South Fork Payette at Lowman,44.08242,-115.61313
61,,2020-09-10 02:15:00-06:00,355.0,,South Fork Payette at Lowman,44.08242,-115.61313
62,,2020-09-10 02:30:00-06:00,361.0,,South Fork Payette at Lowman,44.08242,-115.61313
63,,2020-09-10 02:45:00-06:00,355.0,,South Fork Payette at Lowman,44.08242,-115.61313
64,,2020-09-10 03:00:00-06:00,361.0,,South Fork Payette at Lowman,44.08242,-115.61313
65,,2020-09-10 03:15:00-06:00,361.0,,South Fork Payette at Lowman,44.08242,-115.61313
66,,2020-09-10 03:30:00-06:00,361.0,,South Fork Payette at Lowman,44.08242,-115.61313
67,,2020-09-10 03:45:00-06:00,361.0,,South Fork Payette at Lowman,44.08242,-115.61313
68,,2020-09-10 04:00:00-06:00,355.0,,South Fork Payette at Lowman,44.08242,-115.61313
69,,2020-09-10 04:15:00-06:00,361.0,,South Fork Payette at Lowman,44.08242,-115.61313
70,,2020-09-10 04:30:00-06:00,355.0,,South Fork Payette at Lowman,44.08242,-115.61313
71,,2020-09-10 04:45:00-06:00,361.0,,South Fork Payette at Lowman,44.08242,-115.61313
72,,2020-09-10 05:00:00-06:00,361.0,,South Fork Payette at Lowman,44.08242,-115.61313
73,,2020-09-10 05:15:00-06:00,361.0,,South Fork Payette at Lowman,44.08242,-115.61313
74,,2020-09-10 05:30:00-06:00,367.0,,South Fork Payette at Lowman,44.08242,-115.61313
75,,2020-09-10 05:45:00-06:00,361.0,,South Fork Payette at Lowman,44.08242,-115.61313
76,,2020-09-10 06:00:00-06:00,367.0,,South Fork Payette at Lowman,44.08242,-115.61313
77,,2020-09-10 06:15:00-06:00,361.0,,South Fork Payette at Lowman,44.08242,-115.61313
78,,2020-09-10 06:30:00-06:00,361.0,,South Fork Payette at Lowman,44.08242,-115.61313
79,,2020-09-10 06:45:00-06:00,361.0,,South Fork Payette at Lowman,44.08242,-115.61313
80,,2020-09-10 07:00:00-06:00,367.0,,South Fork Payette at Lowman,44.08242,-115.61313
81,,2020-09-10 07:15:00-06:00,367.0,,South Fork Payette at Lowman,44.08242,-115.61313
82,,2020-09-10 07:30:00-06:00,367.0,,South Fork Payette at Lowman,44.08242,-115.61313
83,,2020-09-10 07:45:00-06:00,361.0,,South Fork Payette at Lowman,44.08242,-115.61313
84,,2020-09-10 08:00:00-06:00,367.0,,South Fork Payette at Lowman,44.08242,-115.61313
85,,2020-09-10 08:15:00-06:00,361.0,,South Fork Payette at Lowman,44.08242,-115.61313
86,,2020-09-10 08:30:00-06:00,367.0,,South Fork Payette at Lowman,44.08242,-115.61313
87,,2020-09-10 08:45:00-06:00,367.0,,South Fork Payette at Lowman,44.08242,-115.61313
88,,2020-09-10 09:00:00-06:00,361.0,,South Fork Payette at Lowman,44.08242,-115.61313
89,,2020-09-10 09:15:00-06:00,361.0,,South Fork Payette at Lowman,44.08242,-115.61313
90,,2020-09-10 09:30:00-06:00,367.0,,South Fork Payette at Lowman,44.08242,-115.61313
91,,2020-09-10 09:45:00-06:00,367.0,,South Fork Payette at Lowman,44.08242,-115.61313
92,,2020-09-10 10:00:00-06:00,361.0,,South Fork Payette at Lowman,44.08242,-115.61313
93,,2020-09-10 10:15:00-06:00,367.0,,South Fork Payette at Lowman,44.08242,-115.61313
94,,2020-09-10 10:30:00-06:00,374.0,,South Fork Payette at Lowman,44.08242,-115.61313
95,,2020-09-10 10:45:00-06:00,367.0,,South Fork Payette at Lowman,44.08242,-115.61313
96,,2020-09-10 11:00:00-06:00,367.0,,South Fork Payette at Lowman,44.08242,-115.61313
97,,2020-09-10 11:15:00-06:00,374.0,,South Fork Payette at Lowman,44.08242,-115.61313
98,,2020-09-10 11:30:00-06:00,367.0,,South Fork Payette at Lowman,44.08242,-115.61313
99,,2020-09-10 11:45:00-06:00,367.0,,South Fork Payette at Lowman,44.08242,-115.61313
100,,2020-09-10 12:00:00-06:00,374.0,,South Fork Payette at Lowman,44.08242,-115.61313
101,,2020-09-10 12:15:00-06:00,367.0,,South Fork Payette at Lowman,44.08242,-115.61313
102,,2020-09-10 12:30:00-06:00,374.0,,South Fork Payette at Lowman,44.08242,-115.61313
103,,2020-09-10 12:45:00-06:00,367.0,,South Fork Payette at Lowman,44.08242,-115.61313
104,,2020-09-10 13:00:00-06:00,374.0,,South Fork Payette at Lowman,44.08242,-115.61313
105,,2020-09-10 13:15:00-06:00,374.0,,South Fork Payette at Lowman,44.08242,-115.61313
106,,2020-09-10 13:30:00-06:00,374.0,,South Fork Payette at Lowman,44.08242,-115.61313
107,,2020-09-10 13:45:00-06:00,374.0,,South Fork Payette at Lowman,44.08242,-115.61313
108,,2020-09-10 14:00:00-06:00,374.0,,South Fork Payette at Lowman,44.08242,-115.61313
109,,2020-09-10 14:15:00-06:00,380.0,,South Fork Payette at Lowman,44.08242,-115.61313
110,,2020-09-10 14:30:00-06:00,367.0,,South Fork Payette at Lowman,44.08242,-115.61313
111,,2020-09-10 14:45:00-06:00,374.0,,South Fork Payette at Lowman,44.08242,-115.61313
112,,2020-09-10 15:00:00-06:00,374.0,,South Fork Payette at Lowman,44.08242,-115.61313
113,,2020-09-10 15:15:00-06:00,374.0,,South Fork Payette at Lowman,44.08242,-115.61313
114,,2020-09-10 15:30:00-06:00,374.0,,South Fork Payette at Lowman,44.08242,-115.61313
115,,2020-09-10 15:45:00-06:00,374.0,,South Fork Payette at Lowman,44.08242,-115.61313
116,,2020-09-10 16:00:00-06:00,374.0,,South Fork Payette at Lowman,44.08242,-115.61313
117,,2020-09-10 16:15:00-06:00,374.0,,South Fork Payette at Lowman,44.08242,-115.61313
118,,2020-09-10 16:30:00-06:00,374.0,,South Fork Payette at Lowman,44.08242,-115.61313
119,,2020-09-10 16:45:00-06:00,374.0,,South Fork Payette at Lowman,44.08242,-115.61313
120,,2020-09-10 17:00:00-06:00,374.0,,South Fork Payette at Lowman,44.08242,-115.61313
121,,2020-09-10 17:15:00-06:00,367.0,,South Fork Payette at Lowman,44.08242,-115.61313
122,,2020-09-10 17:30:00-06:00,374.0,,South Fork Payette at Lowman,44.08242,-115.61313
123,,2020-09-10 17:45:00-06:00,374.0,,South Fork Payette at Lowman,44.08242,-115.61313
124,,2020-09-10 18:00:00-06:00,374.0,,South Fork Payette at Lowman,44.08242,-115.61313
125,,2020-09-10 18:15:00-06:00,374.0,,South Fork Payette at Lowman,44.08242,-115.61313
126,,2020-09-10 18:30:00-06:00,367.0,,South Fork Payette at Lowman,44.08242,-115.61313
127,,2020-09-10 18:45:00-06:00,367.0,,South Fork Payette at Lowman,44.08242,-115.61313
128,,2020-09-10 19:00:00-06:00,367.0,,South Fork Payette at Lowman,44.08242,-115.61313
129,,2020-09-10 19:15:00-06:00,367.0,,South Fork Payette at Lowman,44.08242,-115.61313
130,,2020-09-10 19:30:00-06:00,361.0,,South Fork Payette at Lowman,44.08242,-115.61313
131,,2020-09-10 19:45:00-06:00,367.0,,South Fork Payette at Lowman,44.08242,-115.61313
132,,2020-09-10 20:00:00-06:00,367.0,,South Fork Payette at Lowman,44.08242,-115.61313
133,,2020-09-10 20:15:00-06:00,374.0,,South Fork Payette at Lowman,44.08242,-115.61313
134,,2020-09-10 20:30:00-06:00,367.0,,South Fork Payette at Lowman,44.08242,-115.61313
135,,2020-09-10 20:45:00-06:00,367.0,,South Fork Payette at Lowman,44.08242,-115.61313
136,,2020-09-10 21:00:00-06:00,367.0,,South Fork Payette at Lowman,44.08242,-115.61313
137,,2020-09-10 21:15:00-06:00,361.0,,South Fork Payette at Lowman,44.08242,-115.61313
138,,2020-09-10 21:30:00-06:00,367.0,,South Fork Payette at Lowman,44.08242,-115.61313
139,,2020-09-10 21:45:00-06:00,361.0,,South Fork Payette at Lowman,44.08242,-115.61313
140,,2020-09-10 22:00:00-06:00,361.0,,South Fork Payette at Lowman,44.08242,-115.61313
141,,2020-09-10 22:15:00-06:00,367.0,,South Fork Payette at Lowman,44.08242,-115.61313
142,,2020-09-10 22:30:00-06:00,361.0,,South Fork Payette at Lowman,44.08242,-115.61313
143,,2020-09-10 22:45:00-06:00,361.0,,South Fork Payette at Lowman,44.08242,-115.61313
144,,2020-09-10 23:00:00-06:00,361.0,,South Fork Payette at Lowman,44.08242,-115.61313
145,,2020-09-10 23:15:00-06:00,355.0,,South Fork Payette at Lowman,44.08242,-115.61313
146,,2020-09-10 23:30:00-06:00,361.0,,South Fork Payette at Lowman,44.08242,-115.61313
147,,2020-09-10 23:45:00-06:00,361.0,,South Fork Payette at Lowman,44.08242,-115.61313
148,,2020-09-11 00:00:00-06:00,361.0,,South Fork Payette at Lowman,44.08242,-115.61313
149,,2020-09-11 00:15:00-06:00,355.0,,South Fork Payette at Lowman,44.08242,-115.61313
150,,2020-09-11 00:30:00-06:00,361.0,,South Fork Payette at Lowman,44.08242,-115.61313
151,,2020-09-11 00:45:00-06:00,355.0,,South Fork Payette at Lowman,44.08242,-115.61313
152,,2020-09-11 01:00:00-06:00,355.0,,South Fork Payette at Lowman,44.08242,-115.61313
153,,2020-09-11 01:15:00-06:00,355.0,,South Fork Payette at Lowman,44.08242,-115.61313
154,,2020-09-11 01:30:00-06:00,355.0,,South Fork Payette at Lowman,44.08242,-115.61313
155,,2020-09-11 01:45:00-06:00,355.0,,South Fork Payette at Lowman,44.08242,-115.61313
156,,2020-09-11 02:00:00-06:00,355.0,,South Fork Payette at Lowman,44.08242,-115.61313
157,,2020-09-11 02:15:00-06:00,355.0,,South Fork Payette at Lowman,44.08242,-115.61313
158,,2020-09-11 02:30:00-06:00,355.0,,South Fork Payette at Lowman,44.08242,-115.61313
159,,2020-09-11 02:45:00-06:00,355.0,,South Fork Payette at Lowman,44.08242,-115.61313
160,,2020-09-11 03:00:00-06:00,355.0,,South Fork Payette at Lowman,44.08242,-115.61313
161,,2020-09-11 03:15:00-06:00,361.0,,South Fork Payette at Lowman,44.08242,-115.61313
162,,2020-09-11 03:30:00-06:00,355.0,,South Fork Payette at Lowman,44.08242,-115.61313
163,,2020-09-11 03:45:00-06:00,355.0,,South Fork Payette at Lowman,44.08242,-115.61313
164,,2020-09-11 04:00:00-06:00,355.0,,South Fork Payette at Lowman,44.08242,-115.61313
165,,2020-09-11 04:15:00-06:00,355.0,,South Fork Payette at Lowman,44.08242,-115.61313
166,,2020-09-11 04:30:00-06:00,355.0,,South Fork Payette at Lowman,44.08242,-115.61313
167,,2020-09-11 04:45:00-06:00,355.0,,South Fork Payette at Lowman,44.08242,-115.61313
168,,2020-09-11 05:00:00-06:00,355.0,,South Fork Payette at Lowman,44.08242,-115.61313
169,,2020-09-11 05:15:00-06:00,355.0,,South Fork Payette at Lowman,44.08242,-115.61313
170,,2020-09-11 05:30:00-06:00,361.0,,South Fork Payette at Lowman,44.08242,-115.61313
171,,2020-09-11 05:45:00-06:00,355.0,,South Fork Payette at Lowman,44.08242,-115.61313
172,,2020-09-11 06:00:00-06:00,361.0,,South Fork Payette at Lowman,44.08242,-115.61313
173,,2020-09-11 06:15:00-06:00,355.0,,South Fork Payette at Lowman,44.08242,-115.61313
174,,2020-09-11 06:30:00-06:00,355.0,,South Fork Payette at Lowman,44.08242,-115.61313
175,,2020-09-11 06:45:00-06:00,361.0,,South Fork Payette at Lowman,44.08242,-115.61313
176,,2020-09-11 07:00:00-06:00,361.0,,South Fork Payette at Lowman,44.08242,-115.61313
177,,2020-09-11 07:15:00-06:00,361.0,,South Fork Payette at Lowman,44.08242,-115.61313
178,,2020-09-11 07:30:00-06:00,361.0,,South Fork Payette at Lowman,44.08242,-115.61313
179,,2020-09-11 07:45:00-06:00,355.0,,South Fork Payette at Lowman,44.08242,-115.61313
180,,2020-09-11 08:00:00-06:00,361.0,,South Fork Payette at Lowman,44.08242,-115.61313
181,,2020-09-11 08:15:00-06:00,361.0,,South Fork Payette at Lowman,44.08242,-115.61313
182,,2020-09-11 08:30:00-06:00,361.0,,South Fork Payette at Lowman,44.08242,-115.61313
183,,2020-09-11 08:45:00-06:00,361.0,,South Fork Payette at Lowman,44.08242,-115.61313
184,,2020-09-11 09:00:00-06:00,361.0,,South Fork Payette at Lowman,44.08242,-115.61313
185,,2020-09-11 09:15:00-06:00,361.0,,South Fork Payette at Lowman,44.08242,-115.61313
186,,2020-09-11 09:30:00-06:00,361.0,,South Fork Payette at Lowman,44.08242,-115.61313
187,,2020-09-11 09:45:00-06:00,367.0,,South Fork Payette at Lowman,44.08242,-115.61313
188,,2020-09-11 10:00:00-06:00,361.0,,South Fork Payette at Lowman,44.08242,-115.61313
189,,2020-09-11 10:15:00-06:00,367.0,,South Fork Payette at Lowman,44.08242,-115.61313
190,,2020-09-11 10:30:00-06:00,367.0,,South Fork Payette at Lowman,44.08242,-115.61313
191,,2020-09-11 10:45:00-06:00,367.0,,South Fork Payette at Lowman,44.08242,-115.61313
192,,2020-09-11 11:00:00-06:00,367.0,,South Fork Payette at Lowman,44.08242,-115.61313
193,,2020-09-11 11:15:00-06:00,361.0,,South Fork Payette at Lowman,44.08242,-115.61313
194,,2020-09-11 11:30:00-06:00,367.0,,South Fork Payette at Lowman,44.08242,-115.61313
195,,2020-09-11 11:45:00-06:00,367.0,,South Fork Payette at Lowman,44.08242,-115.61313
196,,2020-09-11 12:00:00-06:00,367.0,,South Fork Payette at Lowman,44.08242,-115.61313
197,,2020-09-11 12:15:00-06:00,367.0,,South Fork Payette at Lowman,44.08242,-115.61313
198,,2020-09-11 12:30:00-06:00,367.0,,South Fork Payette at Lowman,44.08242,-115.61313
199,,2020-09-11 12:45:00-06:00,367.0,,South Fork Payette at Lowman,44.08242,-115.61313
200,,2020-09-11 13:00:00-06:00,374.0,,South Fork Payette at Lowman,44.08242,-115.61313
201,,2020-09-11 13:15:00-06:00,367.0,,South Fork Payette at Lowman,44.08242,-115.61313
202,,2020-09-11 13:30:00-06:00,367.0,,South Fork Payette at Lowman,44.08242,-115.61313
203,,2020-09-11 13:45:00-06:00,367.0,,South Fork Payette at Lowman,44.08242,-115.61313
204,,2020-09-11 14:00:00-06:00,374.0,,South Fork Payette at Lowman,44.08242,-115.61313
205,,2020-09-11 14:15:00-06:00,374.0,,South Fork Payette at Lowman,44.08242,-115.61313
206,,2020-09-11 14:30:00-06:00,374.0,,South Fork Payette at Lowman,44.08242,-115.61313
207,,2020-09-11 14:45:00-06:00,361.0,,South Fork Payette at Lowman,44.08242,-115.61313
208,,2020-09-11 15:00:00-06:00,367.0,,South Fork Payette at Lowman,44.08242,-115.61313
209,,2020-09-11 15:15:00-06:00,374.0,,South Fork Payette at Lowman,44.08242,-115.61313
210,,2020-09-11 15:30:00-06:00,367.0,,South Fork Payette at Lowman,44.08242,-115.61313
211,,2020-09-11 15:45:00-06:00,367.0,,South Fork Payette at Lowman,44.08242,-115.61313
212,,2020-09-11 16:00:00-06:00,367.0,,South Fork Payette at Lowman,44.08242,-115.61313
213,,2020-09-11 16:15:00-06:00,367.0,,South Fork Payette at Lowman,44.08242,-115.61313
214,,2020-09-11 16:30:00-06:00,367.0,,South Fork Payette at Lowman,44.08242,-115.61313
215,,2020-09-11 16:45:00-06:00,374.0,,South Fork Payette at Lowman,44.08242,-115.61313
216,,2020-09-11 17:00:00-06:00,367.0,,South Fork Payette at Lowman,44.08242,-115.61313
217,,2020-09-11 17:15:00-06:00,367.0,,South Fork Payette at Lowman,44.08242,-115.61313
218,,2020-09-11 17:30:00-06:00,361.0,,South Fork Payette at Lowman,44.08242,-115.61313
219,,2020-09-11 17:45:00-06:00,367.0,,South Fork Payette at Lowman,44.08242,-115.61313
220,,2020-09-11 18:00:00-06:00,367.0,,South Fork Payette at Lowman,44.08242,-115.61313
221,,2020-09-11 18:15:00-06:00,367.0,,South Fork Payette at Lowman,44.08242,-115.61313
222,,2020-09-11 18:30:00-06:00,367.0,,South Fork Payette at Lowman,44.08242,-115.61313
223,,2020-09-11 18:45:00-06:00,367.0,,South Fork Payette at Lowman,44.08242,-115.61313
224,,2020-09-11 19:00:00-06:00,367.0,,South Fork Payette at Lowman,44.08242,-115.61313
225,,2020-09-11 19:15:00-06:00,361.0,,South Fork Payette at Lowman,44.08242,-115.61313
226,,2020-09-11 19:30:00-06:00,367.0,,South Fork Payette at Lowman,44.08242,-115.61313
227,,2020-09-11 19:45:00-06:00,367.0,,South Fork Payette at Lowman,44.08242,-115.61313
228,,2020-09-11 20:00:00-06:00,367.0,,South Fork Payette at Lowman,44.08242,-115.61313
229,,2020-09-11 20:15:00-06:00,361.0,,South Fork Payette at Lowman,44.08242,-115.61313
230,,2020-09-11 20:30:00-06:00,361.0,,South Fork Payette at Lowman,44.08242,-115.61313
231,,2020-09-11 20:45:00-06:00,361.0,,South Fork Payette at Lowman,44.08242,-115.61313
232,,2020-09-11 21:00:00-06:00,361.0,,South Fork Payette at Lowman,44.08242,-115.61313
233,,2020-09-11 21:15:00-06:00,361.0,,South Fork Payette at Lowman,44.08242,-115.61313
234,,2020-09-11 21:30:00-06:00,361.0,,South Fork Payette at Lowman,44.08242,-115.61313
235,,2020-09-11 21:45:00-06:00,361.0,,South Fork Payette at Lowman,44.08242,-115.61313
236,,2020-09-11 22:00:00-06:00,361.0,,South Fork Payette at Lowman,44.08242,-115.61313
237,,2020-09-11 22:15:00-06:00,355.0,,South Fork Payette at Lowman,44.08242,-115.61313
238,,2020-09-11 22:30:00-06:00,355.0,,South Fork Payette at Lowman,44.08242,-115.61313
239,,2020-09-11 22:45:00-06:00,361.0,,South Fork Payette at Lowman,44.08242,-115.61313
240,,2020-09-11 23:00:00-06:00,355.0,,South Fork Payette at Lowman,44.08242,-115.61313
241,,2020-09-11 23:15:00-06:00,355.0,,South Fork Payette at Lowman,44.08242,-115.61313
242,,2020-09-11 23:30:00-06:00,355.0,,South Fork Payette at Lowman,44.08242,-115.61313
243,,2020-09-11 23:45:00-06:00,355.0,,South Fork Payette at Lowman,44.08242,-115.61313
244,,2020-09-12 00:00:00-06:00,355.0,,South Fork Payette at Lowman,44.08242,-115.61313
245,,2020-09-12 00:15:00-06:00,355.0,,South Fork Payette at Lowman,44.08242,-115.61313
246,,2020-09-12 00:30:00-06:00,355.0,,South Fork Payette at Lowman,44.08242,-115.61313
247,,2020-09-12 00:45:00-06:00,349.0,,South Fork Payette at Lowman,44.08242,-115.61313
248,,2020-09-12 01:00:00-06:00,355.0,,South Fork Payette at Lowman,44.08242,-115.61313
249,,2020-09-12 01:15:00-06:00,349.0,,South Fork Payette at Lowman,44.08242,-115.61313
250,,2020-09-12 01:30:00-06:00,349.0,,South Fork Payette at Lowman,44.08242,-115.61313
251,,2020-09-12 01:45:00-06:00,355.0,,South Fork Payette at Lowman,44.08242,-115.61313
252,,2020-09-12 02:00:00-06:00,349.0,,South Fork Payette at Lowman,44.08242,-115.61313
253,,2020-09-12 02:15:00-06:00,349.0,,South Fork Payette at Lowman,44.08242,-115.61313
254,,2020-09-12 02:30:00-06:00,349.0,,South Fork Payette at Lowman,44.08242,-115.61313
255,,2020-09-12 02:45:00-06:00,349.0,,South Fork Payette at Lowman,44.08242,-115.61313
256,,2020-09-12 03:00:00-06:00,355.0,,South Fork Payette at Lowman,44.08242,-115.61313
257,,2020-09-12 03:15:00-06:00,349.0,,South Fork Payette at Lowman,44.08242,-115.61313
258,,2020-09-12 03:30:00-06:00,349.0,,South Fork Payette at Lowman,44.08242,-115.61313
259,,2020-09-12 03:45:00-06:00,349.0,,South Fork Payette at Lowman,44.08242,-115.61313
260,,2020-09-12 04:00:00-06:00,355.0,,South Fork Payette at Lowman,44.08242,-115.61313
261,,2020-09-12 04:15:00-06:00,355.0,,South Fork Payette at Lowman,44.08242,-115.61313
262,,2020-09-12 04:30:00-06:00,355.0,,South Fork Payette at Lowman,44.08242,-115.61313
263,,2020-09-12 04:45:00-06:00,349.0,,South Fork Payette at Lowman,44.08242,-115.61313
264,,2020-09-12 05:00:00-06:00,355.0,,South Fork Payette at Lowman,44.08242,-115.61313
265,,2020-09-12 05:15:00-06:00,355.0,,South Fork Payette at Lowman,44.08242,-115.61313
266,,2020-09-12 05:30:00-06:00,355.0,,South Fork Payette at Lowman,44.08242,-115.61313
267,,2020-09-12 05:45:00-06:00,355.0,,South Fork Payette at Lowman,44.08242,-115.61313
268,,2020-09-12 06:00:00-06:00,355.0,,South Fork Payette at Lowman,44.08242,-115.61313
269,,2020-09-12 06:15:00-06:00,355.0,,South Fork Payette at Lowman,44.08242,-115.61313
270,,2020-09-12 06:30:00-06:00,355.0,,South Fork Payette at Lowman,44.08242,-115.61313
271,,2020-09-12 06:45:00-06:00,361.0,,South Fork Payette at Lowman,44.08242,-115.61313
272,,2020-09-12 07:00:00-06:00,355.0,,South Fork Payette at Lowman,44.08242,-115.61313
273,,2020-09-12 07:15:00-06:00,361.0,,South Fork Payette at Lowman,44.08242,-115.61313
274,,2020-09-12 07:30:00-06:00,355.0,,South Fork Payette at Lowman,44.08242,-115.61313
275,,2020-09-12 07:45:00-06:00,355.0,,South Fork Payette at Lowman,44.08242,-115.61313
276,,2020-09-12 08:00:00-06:00,355.0,,South Fork Payette at Lowman,44.08242,-115.61313
277,,2020-09-12 08:15:00-06:00,355.0,,South Fork Payette at Lowman,44.08242,-115.61313
278,,2020-09-12 08:30:00-06:00,361.0,,South Fork Payette at Lowman,44.08242,-115.61313
279,,2020-09-12 08:45:00-06:00,361.0,,South Fork Payette at Lowman,44.08242,-115.61313
280,,2020-09-12 09:00:00-06:00,355.0,,South Fork Payette at Lowman,44.08242,-115.61313
281,,2020-09-12 09:15:00-06:00,355.0,,South Fork Payette at Lowman,44.08242,-115.61313
282,,2020-09-12 09:30:00-06:00,355.0,,South Fork Payette at Lowman,44.08242,-115.61313
283,,2020-09-12 09:45:00-06:00,355.0,,South Fork Payette at Lowman,44.08242,-115.61313
284,,2020-09-12 10:00:00-06:00,361.0,,South Fork Payette at Lowman,44.08242,-115.61313
285,,2020-09-12 10:15:00-06:00,361.0,,South Fork Payette at Lowman,44.08242,-115.61313
286,,2020-09-12 10:30:00-06:00,361.0,,South Fork Payette at Lowman,44.08242,-115.61313
287,,2020-09-12 10:45:00-06:00,361.0,,South Fork Payette at Lowman,44.08242,-115.61313
288,,2020-09-12 11:00:00-06:00,361.0,,South Fork Payette at Lowman,44.08242,-115.61313
289,,2020-09-12 11:15:00-06:00,361.0,,South Fork Payette at Lowman,44.08242,-115.61313
290,,2020-09-12 11:30:00-06:00,361.0,,South Fork Payette at Lowman,44.08242,-115.61313
291,,2020-09-12 11:45:00-06:00,361.0,,South Fork Payette at Lowman,44.08242,-115.61313
292,,2020-09-12 12:00:00-06:00,361.0,,South Fork Payette at Lowman,44.08242,-115.61313
293,,2020-09-12 12:15:00-06:00,367.0,,South Fork Payette at Lowman,44.08242,-115.61313
294,,2020-09-12 12:30:00-06:00,367.0,,South Fork Payette at Lowman,44.08242,-115.61313
295,,2020-09-12 12:45:00-06:00,361.0,,South Fork Payette at Lowman,44.08242,-115.61313
296,,2020-09-12 13:00:00-06:00,361.0,,South Fork Payette at Lowman,44.08242,-115.61313
297,,2020-09-12 13:15:00-06:00,367.0,,South Fork Payette at Lowman,44.08242,-115.61313
298,,2020-09-12 13:30:00-06:00,361.0,,South Fork Payette at Lowman,44.08242,-115.61313
299,,2020-09-12 13:45:00-06:00,367.0,,South Fork Payette at Lowman,44.08242,-115.61313
300,,2020-09-12 14:00:00-06:00,361.0,,South Fork Payette at Lowman,44.08242,-115.61313
301,,2020-09-12 14:15:00-06:00,367.0,,South Fork Payette at Lowman,44.08242,-115.61313
302,,2020-09-12 14:30:00-06:00,367.0,,South Fork Payette at Lowman,44.08242,-115.61313
303,,2020-09-12 14:45:00-06:00,367.0,,South Fork Payette at Lowman,44.08242,-115.61313
304,,2020-09-12 15:00:00-06:00,367.0,,South Fork Payette at Lowman,44.08242,-115.61313
305,,2020-09-12 15:15:00-06:00,361.0,,South Fork Payette at Lowman,44.08242,-115.61313
306,,2020-09-12 15:30:00-06:00,361.0,,South Fork Payette at Lowman,44.08242,-115.61313
307,,2020-09-12 15:45:00-06:00,361.0,,South Fork Payette at Lowman,44.08242,-115.61313
308,,2020-09-12 16:00:00-06:00,367.0,,South Fork Payette at Lowman,44.08242,-115.61313
309,,2020-09-12 16:15:00-06:00,367.0,,South Fork Payette at Lowman,44.08242,-115.61313
310,,2020-09-12 16:30:00-06:00,367.0,,South Fork Payette at Lowman,44.08242,-115.61313
311,,2020-09-12 16:45:00-06:00,361.0,,South Fork Payette at Lowman,44.08242,-115.61313
312,,2020-09-12 17:00:00-06:00,367.0,,South Fork Payette at Lowman,44.08242,-115.61313
313,,2020-09-12 17:15:00-06:00,367.0,,South Fork Payette at Lowman,44.08242,-115.61313
314,,2020-09-12 17:30:00-06:00,367.0,,South Fork Payette at Lowman,44.08242,-115.61313
315,,2020-09-12 17:45:00-06:00,367.0,,South Fork Payette at Lowman,44.08242,-115.61313
316,,2020-09-12 18:00:00-06:00,367.0,,South Fork Payette at Lowman,44.08242,-115.61313
317,,2020-09-12 18:15:00-06:00,367.0,,South Fork Payette at Lowman,44.08242,-115.61313
318,,2020-09-12 18:30:00-06:00,367.0,,South Fork Payette at Lowman,44.08242,-115.61313
319,,2020-09-12 18:45:00-06:00,361.0,,South Fork Payette at Lowman,44.08242,-115.61313
320,,2020-09-12 19:00:00-06:00,361.0,,South Fork Payette at Lowman,44.08242,-115.61313
321,,2020-09-12 19:15:00-06:00,361.0,,South Fork Payette at Lowman,44.08242,-115.61313
322,,2020-09-12 19:30:00-06:00,361.0,,South Fork Payette at Lowman,44.08242,-115.61313
323,,2020-09-12 19:45:00-06:00,361.0,,South Fork Payette at Lowman,44.08242,-115.61313
324,,2020-09-12 20:00:00-06:00,361.0,,South Fork Payette at Lowman,44.08242,-115.61313
325,,2020-09-12 20:15:00-06:00,361.0,,South Fork Payette at Lowman,44.08242,-115.61313
326,,2020-09-12 20:30:00-06:00,355.0,,South Fork Payette at Lowman,44.08242,-115.61313
327,,2020-09-12 20:45:00-06:00,361.0,,South Fork Payette at Lowman,44.08242,-115.61313
328,,2020-09-12 21:00:00-06:00,355.0,,South Fork Payette at Lowman,44.08242,-115.61313
329,,2020-09-12 21:15:00-06:00,361.0,,South Fork Payette at Lowman,44.08242,-115.61313
330,,2020-09-12 21:30:00-06:00,361.0,,South Fork Payette at Lowman,44.08242,-115.61313
331,,2020-09-12 21:45:00-06:00,355.0,,South Fork Payette at Lowman,44.08242,-115.61313
332,,2020-09-12 22:00:00-06:00,355.0,,South Fork Payette at Lowman,44.08242,-115.61313
333,,2020-09-12 22:15:00-06:00,355.0,,South Fork Payette at Lowman,44.08242,-115.61313
334,,2020-09-12 22:30:00-06:00,355.0,,South Fork Payette at Lowman,44.08242,-115.61313
335,,2020-09-12 22:45:00-06:00,355.0,,South Fork Payette at Lowman,44.08242,-115.61313
336,,2020-09-12 23:00:00-06:00,349.0,,South Fork Payette at Lowman,44.08242,-115.61313
337,,2020-09-12 23:15:00-06:00,355.0,,South Fork Payette at Lowman,44.08242,-115.61313
338,,2020-09-12 23:30:00-06:00,349.0,,South Fork Payette at Lowman,44.08242,-115.61313
339,,2020-09-12 23:45:00-06:00,349.0,,South Fork Payette at Lowman,44.08242,-115.61313
340,,2020-09-13 00:00:00-06:00,349.0,,South Fork Payette at Lowman,44.08242,-115.61313
341,,2020-09-13 00:15:00-06:00,349.0,,South Fork Payette at Lowman,44.08242,-115.61313
342,,2020-09-13 00:30:00-06:00,355.0,,South Fork Payette at Lowman,44.08242,-115.61313
343,,2020-09-13 00:45:00-06:00,349.0,,South Fork Payette at Lowman,44.08242,-115.61313
344,,2020-09-13 01:00:00-06:00,349.0,,South Fork Payette at Lowman,44.08242,-115.61313
345,,2020-09-13 01:15:00-06:00,349.0,,South Fork Payette at Lowman,44.08242,-115.61313
346,,2020-09-13 01:30:00-06:00,349.0,,South Fork Payette at Lowman,44.08242,-115.61313
347,,2020-09-13 01:45:00-06:00,349.0,,South Fork Payette at Lowman,44.08242,-115.61313
348,,2020-09-13 02:00:00-06:00,349.0,,South Fork Payette at Lowman,44.08242,-115.61313
349,,2020-09-13 02:15:00-06:00,349.0,,South Fork Payette at Lowman,44.08242,-115.61313
350,,2020-09-13 02:30:00-06:00,349.0,,South Fork Payette at Lowman,44.08242,-115.61313
351,,2020-09-13 02:45:00-06:00,349.0,,South Fork Payette at Lowman,44.08242,-115.61313
352,,2020-09-13 03:00:00-06:00,349.0,,South Fork Payette at Lowman,44.08242,-115.61313
353,,2020-09-13 03:15:00-06:00,349.0,,South Fork Payette at Lowman,44.08242,-115.61313
354,,2020-09-13 03:30:00-06:00,349.0,,South Fork Payette at Lowman,44.08242,-115.61313
355,,2020-09-13 03:45:00-06:00,349.0,,South Fork Payette at Lowman,44.08242,-115.61313
356,,2020-09-13 04:00:00-06:00,349.0,,South Fork Payette at Lowman,44.08242,-115.61313
357,,2020-09-13 04:15:00-06:00,349.0,,South Fork Payette at Lowman,44.08242,-115.61313
358,,2020-09-13 04:30:00-06:00,355.0,,South Fork Payette at Lowman,44.08242,-115.61313
359,,2020-09-13 04:45:00-06:00,355.0,,South Fork Payette at Lowman,44.08242,-115.61313
360,,2020-09-13 05:00:00-06:00,355.0,,South Fork Payette at Lowman,44.08242,-115.61313
361,,2020-09-13 05:15:00-06:00,349.0,,South Fork Payette at Lowman,44.08242,-115.61313
362,,2020-09-13 05:30:00-06:00,349.0,,South Fork Payette at Lowman,44.08242,-115.61313
363,,2020-09-13 05:45:00-06:00,355.0,,South Fork Payette at Lowman,44.08242,-115.61313
364,,2020-09-13 06:00:00-06:00,355.0,,South Fork Payette at Lowman,44.08242,-115.61313
365,,2020-09-13 06:15:00-06:00,349.0,,South Fork Payette at Lowman,44.08242,-115.61313
366,,2020-09-13 06:30:00-06:00,355.0,,South Fork Payette at Lowman,44.08242,-115.61313
367,,2020-09-13 06:45:00-06:00,355.0,,South Fork Payette at Lowman,44.08242,-115.61313
368,,2020-09-13 07:00:00-06:00,355.0,,South Fork Payette at Lowman,44.08242,-115.61313
369,,2020-09-13 07:15:00-06:00,355.0,,South Fork Payette at Lowman,44.08242,-115.61313
370,,2020-09-13 07:30:00-06:00,355.0,,South Fork Payette at Lowman,44.08242,-115.61313
371,,2020-09-13 07:45:00-06:00,355.0,,South Fork Payette at Lowman,44.08242,-115.61313
372,,2020-09-13 08:00:00-06:00,349.0,,South Fork Payette at Lowman,44.08242,-115.61313
373,,2020-09-13 08:15:00-06:00,355.0,,South Fork Payette at Lowman,44.08242,-115.61313
374,,2020-09-13 08:30:00-06:00,355.0,,South Fork Payette at Lowman,44.08242,-115.61313
375,,2020-09-13 08:45:00-06:00,355.0,,South Fork Payette at Lowman,44.08242,-115.61313
376,,2020-09-13 09:00:00-06:00,355.0,,South Fork Payette at Lowman,44.08242,-115.61313
377,,2020-09-13 09:15:00-06:00,355.0,,South Fork Payette at Lowman,44.08242,-115.61313
378,,2020-09-13 09:30:00-06:00,361.0,,South Fork Payette at Lowman,44.08242,-115.61313
379,,2020-09-13 09:45:00-06:00,361.0,,South Fork Payette at Lowman,44.08242,-115.61313
380,,2020-09-13 10:00:00-06:00,361.0,,South Fork Payette at Lowman,44.08242,-115.61313
381,,2020-09-13 10:15:00-06:00,361.0,,South Fork Payette at Lowman,44.08242,-115.61313
382,,2020-09-13 10:30:00-06:00,361.0,,South Fork Payette at Lowman,44.08242,-115.61313
383,,2020-09-13 10:45:00-06:00,361.0,,South Fork Payette at Lowman,44.08242,-115.61313
384,,2020-09-13 11:00:00-06:00,361.0,,South Fork Payette at Lowman,44.08242,-115.61313
385,,2020-09-13 11:15:00-06:00,361.0,,South Fork Payette at Lowman,44.08242,-115.61313
386,,2020-09-13 11:30:00-06:00,361.0,,South Fork Payette at Lowman,44.08242,-115.61313
387,,2020-09-13 11:45:00-06:00,361.0,,South Fork Payette at Lowman,44.08242,-115.61313
388,,2020-09-13 12:00:00-06:00,361.0,,South Fork Payette at Lowman,44.08242,-115.61313
389,,2020-09-13 12:15:00-06:00,361.0,,South Fork Payette at Lowman,44.08242,-115.61313
390,,2020-09-13 12:30:00-06:00,361.0,,South Fork Payette at Lowman,44.08242,-115.61313
391,,2020-09-13 12:45:00-06:00,361.0,,South Fork Payette at Lowman,44.08242,-115.61313
392,,2020-09-13 13:00:00-06:00,361.0,,South Fork Payette at Lowman,44.08242,-115.61313
393,,2020-09-13 13:15:00-06:00,361.0,,South Fork Payette at Lowman,44.08242,-115.61313
394,,2020-09-13 13:30:00-06:00,361.0,,South Fork Payette at Lowman,44.08242,-115.61313
395,,2020-09-13 13:45:00-06:00,367.0,,South Fork Payette at Lowman,44.08242,-115.61313
396,,2020-09-13 14:00:00-06:00,361.0,,South Fork Payette at Lowman,44.08242,-115.61313
397,,2020-09-13 14:15:00-06:00,361.0,,South Fork Payette at Lowman,44.08242,-115.61313
398,,2020-09-13 14:30:00-06:00,367.0,,South Fork Payette at Lowman,44.08242,-115.61313
399,,2020-09-13 14:45:00-06:00,367.0,,South Fork Payette at Lowman,44.08242,-115.61313
400,,2020-09-13 15:00:00-06:00,367.0,,South Fork Payette at Lowman,44.08242,-115.61313
401,,2020-09-13 15:15:00-06:00,367.0,,South Fork Payette at Lowman,44.08242,-115.61313
402,,2020-09-13 15:30:00-06:00,367.0,,South Fork Payette at Lowman,44.08242,-115.61313
403,,2020-09-13 15:45:00-06:00,367.0,,South Fork Payette at Lowman,44.08242,-115.61313
404,,2020-09-13 16:00:00-06:00,361.0,,South Fork Payette at Lowman,44.08242,-115.61313
405,,2020-09-13 16:15:00-06:00,367.0,,South Fork Payette at Lowman,44.08242,-115.61313
406,,2020-09-13 16:30:00-06:00,361.0,,South Fork Payette at Lowman,44.08242,-115.61313
407,,2020-09-13 16:45:00-06:00,361.0,,South Fork Payette at Lowman,44.08242,-115.61313
408,,2020-09-13 17:00:00-06:00,361.0,,South Fork Payette at Lowman,44.08242,-115.61313
409,,2020-09-13 17:15:00-06:00,367.0,,South Fork Payette at Lowman,44.08242,-115.61313
410,,2020-09-13 17:30:00-06:00,367.0,,South Fork Payette at Lowman,44.08242,-115.61313
411,,2020-09-13 17:45:00-06:00,361.0,,South Fork Payette at Lowman,44.08242,-115.61313
412,,2020-09-13 18:00:00-06:00,367.0,,South Fork Payette at Lowman,44.08242,-115.61313
413,,2020-09-13 18:15:00-06:00,367.0,,South Fork Payette at Lowman,44.08242,-115.61313
414,,2020-09-13 18:30:00-06:00,361.0,,South Fork Payette at Lowman,44.08242,-115.61313
415,,2020-09-13 18:45:00-06:00,361.0,,South Fork Payette at Lowman,44.08242,-115.61313
416,,2020-09-13 19:00:00-06:00,367.0,,South Fork Payette at Lowman,44.08242,-115.61313
417,,2020-09-13 19:15:00-06:00,361.0,,South Fork Payette at Lowman,44.08242,-115.61313
418,,2020-09-13 19:30:00-06:00,361.0,,South Fork Payette at Lowman,44.08242,-115.61313
419,,2020-09-13 19:45:00-06:00,361.0,,South Fork Payette at Lowman,44.08242,-115.61313
420,,2020-09-13 20:00:00-06:00,361.0,,South Fork Payette at Lowman,44.08242,-115.61313
421,,2020-09-13 20:15:00-06:00,361.0,,South Fork Payette at Lowman,44.08242,-115.61313
422,,2020-09-13 20:30:00-06:00,361.0,,South Fork Payette at Lowman,44.08242,-115.61313
423,,2020-09-13 20:45:00-06:00,361.0,,South Fork Payette at Lowman,44.08242,-115.61313
424,,2020-09-13 21:00:00-06:00,361.0,,South Fork Payette at Lowman,44.08242,-115.61313
425,,2020-09-13 21:15:00-06:00,355.0,,South Fork Payette at Lowman,44.08242,-115.61313
426,,2020-09-13 21:30:00-06:00,355.0,,South Fork Payette at Lowman,44.08242,-115.61313
427,,2020-09-13 21:45:00-06:00,355.0,,South Fork Payette at Lowman,44.08242,-115.61313
428,,2020-09-13 22:00:00-06:00,355.0,,South Fork Payette at Lowman,44.08242,-115.61313
429,,2020-09-13 22:15:00-06:00,355.0,,South Fork Payette at Lowman,44.08242,-115.61313
430,,2020-09-13 22:30:00-06:00,355.0,,South Fork Payette at Lowman,44.08242,-115.61313
431,,2020-09-13 22:45:00-06:00,355.0,,South Fork Payette at Lowman,44.08242,-115.61313
432,,2020-09-13 23:00:00-06:00,355.0,,South Fork Payette at Lowman,44.08242,-115.61313
433,,2020-09-13 23:15:00-06:00,355.0,,South Fork Payette at Lowman,44.08242,-115.61313
434,,2020-09-13 23:30:00-06:00,355.0,,South Fork Payette at Lowman,44.08242,-115.61313
435,,2020-09-13 23:45:00-06:00,355.0,,South Fork Payette at Lowman,44.08242,-115.61313
436,,2020-09-14 00:00:00-06:00,355.0,,South Fork Payette at Lowman,44.08242,-115.61313
437,,2020-09-14 00:15:00-06:00,355.0,,South Fork Payette at Lowman,44.08242,-115.61313
438,,2020-09-14 00:30:00-06:00,349.0,,South Fork Payette at Lowman,44.08242,-115.61313
439,,2020-09-14 00:45:00-06:00,349.0,,South Fork Payette at Lowman,44.08242,-115.61313
440,,2020-09-14 01:00:00-06:00,349.0,,South Fork Payette at Lowman,44.08242,-115.61313
441,,2020-09-14 01:15:00-06:00,349.0,,South Fork Payette at Lowman,44.08242,-115.61313
442,,2020-09-14 01:30:00-06:00,349.0,,South Fork Payette at Lowman,44.08242,-115.61313
443,,2020-09-14 01:45:00-06:00,349.0,,South Fork Payette at Lowman,44.08242,-115.61313
444,,2020-09-14 02:00:00-06:00,349.0,,South Fork Payette at Lowman,44.08242,-115.61313
445,,2020-09-14 02:15:00-06:00,349.0,,South Fork Payette at Lowman,44.08242,-115.61313
446,,2020-09-14 02:30:00-06:00,343.0,,South Fork Payette at Lowman,44.08242,-115.61313
447,,2020-09-14 02:45:00-06:00,349.0,,South Fork Payette at Lowman,44.08242,-115.61313
448,,2020-09-14 03:00:00-06:00,349.0,,South Fork Payette at Lowman,44.08242,-115.61313
449,,2020-09-14 03:15:00-06:00,349.0,,South Fork Payette at Lowman,44.08242,-115.61313
450,,2020-09-14 03:30:00-06:00,349.0,,South Fork Payette at Lowman,44.08242,-115.61313
451,,2020-09-14 03:45:00-06:00,349.0,,South Fork Payette at Lowman,44.08242,-115.61313
452,,2020-09-14 04:00:00-06:00,349.0,,South Fork Payette at Lowman,44.08242,-115.61313
453,,2020-09-14 04:15:00-06:00,349.0,,South Fork Payette at Lowman,44.08242,-115.61313
454,,2020-09-14 04:30:00-06:00,349.0,,South Fork Payette at Lowman,44.08242,-115.61313
455,,2020-09-14 04:45:00-06:00,349.0,,South Fork Payette at Lowman,44.08242,-115.61313
456,,2020-09-14 05:00:00-06:00,349.0,,South Fork Payette at Lowman,44.08242,-115.61313
457,,2020-09-14 05:15:00-06:00,349.0,,South Fork Payette at Lowman,44.08242,-115.61313
458,,2020-09-14 05:30:00-06:00,349.0,,South Fork Payette at Lowman,44.08242,-115.61313
459,,2020-09-14 05:45:00-06:00,349.0,,South Fork Payette at Lowman,44.08242,-115.61313
460,,2020-09-14 06:00:00-06:00,349.0,,South Fork Payette at Lowman,44.08242,-115.61313
461,,2020-09-14 06:15:00-06:00,355.0,,South Fork Payette at Lowman,44.08242,-115.61313
462,,2020-09-14 06:30:00-06:00,349.0,,South Fork Payette at Lowman,44.08242,-115.61313
463,,2020-09-14 06:45:00-06:00,349.0,,South Fork Payette at Lowman,44.08242,-115.61313
464,,2020-09-14 07:00:00-06:00,355.0,,South Fork Payette at Lowman,44.08242,-115.61313
465,,2020-09-14 07:15:00-06:00,349.0,,South Fork Payette at Lowman,44.08242,-115.61313
466,,2020-09-14 07:30:00-06:00,349.0,,South Fork Payette at Lowman,44.08242,-115.61313
467,,2020-09-14 07:45:00-06:00,355.0,,South Fork Payette at Lowman,44.08242,-115.61313
468,,2020-09-14 08:00:00-06:00,355.0,,South Fork Payette at Lowman,44.08242,-115.61313
469,,2020-09-14 08:15:00-06:00,355.0,,South Fork Payette at Lowman,44.08242,-115.61313
470,,2020-09-14 08:30:00-06:00,355.0,,South Fork Payette at Lowman,44.08242,-115.61313
471,,2020-09-14 08:45:00-06:00,355.0,,South Fork Payette at Lowman,44.08242,-115.61313
472,,2020-09-14 09:00:00-06:00,355.0,,South Fork Payette at Lowman,44.08242,-115.61313
473,,2020-09-14 09:15:00-06:00,355.0,,South Fork Payette at Lowman,44.08242,-115.61313
474,,2020-09-14 09:30:00-06:00,355.0,,South Fork Payette at Lowman,44.08242,-115.61313
475,,2020-09-14 09:45:00-06:00,355.0,,South Fork Payette at Lowman,44.08242,-115.61313
476,,2020-09-14 10:00:00-06:00,355.0,,South Fork Payette at Lowman,44.08242,-115.61313
477,,2020-09-14 10:15:00-06:00,355.0,,South Fork Payette at Lowman,44.08242,-115.61313
478,,2020-09-14 10:30:00-06:00,349.0,,South Fork Payette at Lowman,44.08242,-115.61313
479,,2020-09-14 10:45:00-06:00,355.0,,South Fork Payette at Lowman,44.08242,-115.61313
480,,2020-09-14 11:00:00-06:00,361.0,,South Fork Payette at Lowman,44.08242,-115.61313
481,,2020-09-14 11:15:00-06:00,355.0,,South Fork Payette at Lowman,44.08242,-115.61313
482,,2020-09-14 11:30:00-06:00,361.0,,South Fork Payette at Lowman,44.08242,-115.61313
483,,2020-09-14 11:45:00-06:00,361.0,,South Fork Payette at Lowman,44.08242,-115.61313
484,,2020-09-14 12:00:00-06:00,355.0,,South Fork Payette at Lowman,44.08242,-115.61313
485,,2020-09-14 12:15:00-06:00,355.0,,South Fork Payette at Lowman,44.08242,-115.61313
486,,2020-09-14 12:30:00-06:00,361.0,,South Fork Payette at Lowman,44.08242,-115.61313
487,,2020-09-14 12:45:00-06:00,355.0,,South Fork Payette at Lowman,44.08242,-115.61313
488,,2020-09-14 13:00:00-06:00,361.0,,South Fork Payette at Lowman,44.08242,-115.61313
489,,2020-09-14 13:15:00-06:00,361.0,,South Fork Payette at Lowman,44.08242,-115.61313
490,,2020-09-14 13:30:00-06:00,361.0,,South Fork Payette at Lowman,44.08242,-115.61313
491,,2020-09-14 13:45:00-06:00,361.0,,South Fork Payette at Lowman,44.08242,-115.61313
492,,2020-09-14 14:00:00-06:00,361.0,,South Fork Payette at Lowman,44.08242,-115.61313
493,,2020-09-14 14:15:00-06:00,361.0,,South Fork Payette at Lowman,44.08242,-115.61313
494,,2020-09-14 14:30:00-06:00,361.0,,South Fork Payette at Lowman,44.08242,-115.61313
495,,2020-09-14 14:45:00-06:00,361.0,,South Fork Payette at Lowman,44.08242,-115.61313
496,,2020-09-14 15:00:00-06:00,361.0,,South Fork Payette at Lowman,44.08242,-115.61313
497,,2020-09-14 15:15:00-06:00,361.0,,South Fork Payette at Lowman,44.08242,-115.61313
498,,2020-09-14 15:30:00-06:00,361.0,,South Fork Payette at Lowman,44.08242,-115.61313
499,,2020-09-14 15:45:00-06:00,355.0,,South Fork Payette at Lowman,44.08242,-115.61313
500,,2020-09-14 16:00:00-06:00,361.0,,South Fork Payette at Lowman,44.08242,-115.61313
501,,2020-09-14 16:15:00-06:00,361.0,,South Fork Payette at Lowman,44.08242,-115.61313
502,,2020-09-14 16:30:00-06:00,355.0,,South Fork Payette at Lowman,44.08242,-115.61313
503,,2020-09-14 16:45:00-06:00,361.0,,South Fork Payette at Lowman,44.08242,-115.61313
504,,2020-09-14 17:00:00-06:00,361.0,,South Fork Payette at Lowman,44.08242,-115.61313
505,,2020-09-14 17:15:00-06:00,361.0,,South Fork Payette at Lowman,44.08242,-115.61313
506,,2020-09-14 17:30:00-06:00,361.0,,South Fork Payette at Lowman,44.08242,-115.61313
507,,2020-09-14 17:45:00-06:00,361.0,,South Fork Payette at Lowman,44.08242,-115.61313
508,,2020-09-14 18:00:00-06:00,361.0,,South Fork Payette at Lowman,44.08242,-115.61313
509,,2020-09-14 18:15:00-06:00,361.0,,South Fork Payette at Lowman,44.08242,-115.61313
510,,2020-09-14 18:30:00-06:00,355.0,,South Fork Payette at Lowman,44.08242,-115.61313
511,,2020-09-14 18:45:00-06:00,361.0,,South Fork Payette at Lowman,44.08242,-115.61313
512,,2020-09-14 19:00:00-06:00,361.0,,South Fork Payette at Lowman,44.08242,-115.61313
513,,2020-09-14 19:15:00-06:00,355.0,,South Fork Payette at Lowman,44.08242,-115.61313
514,,2020-09-14 19:30:00-06:00,355.0,,South Fork Payette at Lowman,44.08242,-115.61313
515,,2020-09-14 19:45:00-06:00,355.0,,South Fork Payette at Lowman,44.08242,-115.61313
516,,2020-09-14 20:00:00-06:00,355.0,,South Fork Payette at Lowman,44.08242,-115.61313
517,,2020-09-14 20:15:00-06:00,355.0,,South Fork Payette at Lowman,44.08242,-115.61313
518,,2020-09-14 20:30:00-06:00,349.0,,South Fork Payette at Lowman,44.08242,-115.61313
519,,2020-09-14 20:45:00-06:00,355.0,,South Fork Payette at Lowman,44.08242,-115.61313
520,,2020-09-14 21:00:00-06:00,349.0,,South Fork Payette at Lowman,44.08242,-115.61313
521,,2020-09-14 21:15:00-06:00,355.0,,South Fork Payette at Lowman,44.08242,-115.61313
522,,2020-09-14 21:30:00-06:00,349.0,,South Fork Payette at Lowman,44.08242,-115.61313
523,,2020-09-14 21:45:00-06:00,355.0,,South Fork Payette at Lowman,44.08242,-115.61313
524,,2020-09-14 22:00:00-06:00,349.0,,South Fork Payette at Lowman,44.08242,-115.61313
525,,2020-09-14 22:15:00-06:00,349.0,,South Fork Payette at Lowman,44.08242,-115.61313
526,,2020-09-14 22:30:00-06:00,349.0,,South Fork Payette at Lowman,44.08242,-115.61313
527,,2020-09-14 22:45:00-06:00,349.0,,South Fork Payette at Lowman,44.08242,-115.61313
528,,2020-09-14 23:00:00-06:00,349.0,,South Fork Payette at Lowman,44.08242,-115.61313
529,,2020-09-14 23:15:00-06:00,349.0,,South Fork Payette at Lowman,44.08242,-115.61313
530,,2020-09-14 23:30:00-06:00,349.0,,South Fork Payette at Lowman,44.08242,-115.61313
531,,2020-09-14 23:45:00-06:00,349.0,,South Fork Payette at Lowman,44.08242,-115.61313
532,,2020-09-15 00:00:00-06:00,349.0,,South Fork Payette at Lowman,44.08242,-115.61313
533,,2020-09-15 00:15:00-06:00,349.0,,South Fork Payette at Lowman,44.08242,-115.61313
534,,2020-09-15 00:30:00-06:00,343.0,,South Fork Payette at Lowman,44.08242,-115.61313
535,,2020-09-15 00:45:00-06:00,343.0,,South Fork Payette at Lowman,44.08242,-115.61313
536,,2020-09-15 01:00:00-06:00,343.0,,South Fork Payette at Lowman,44.08242,-115.61313
537,,2020-09-15 01:15:00-06:00,343.0,,South Fork Payette at Lowman,44.08242,-115.61313
538,,2020-09-15 01:30:00-06:00,337.0,,South Fork Payette at Lowman,44.08242,-115.61313
539,,2020-09-15 01:45:00-06:00,343.0,,South Fork Payette at Lowman,44.08242,-115.61313
540,,2020-09-15 02:00:00-06:00,349.0,,South Fork Payette at Lowman,44.08242,-115.61313
541,,2020-09-15 02:15:00-06:00,343.0,,South Fork Payette at Lowman,44.08242,-115.61313
542,,2020-09-15 02:30:00-06:00,343.0,,South Fork Payette at Lowman,44.08242,-115.61313
543,,2020-09-15 02:45:00-06:00,349.0,,South Fork Payette at Lowman,44.08242,-115.61313
544,,2020-09-15 03:00:00-06:00,343.0,,South Fork Payette at Lowman,44.08242,-115.61313
545,,2020-09-15 03:15:00-06:00,343.0,,South Fork Payette at Lowman,44.08242,-115.61313
546,,2020-09-15 03:30:00-06:00,349.0,,South Fork Payette at Lowman,44.08242,-115.61313
547,,2020-09-15 03:45:00-06:00,343.0,,South Fork Payette at Lowman,44.08242,-115.61313
548,,2020-09-15 04:00:00-06:00,349.0,,South Fork Payette at Lowman,44.08242,-115.61313
549,,2020-09-15 04:15:00-06:00,343.0,,South Fork Payette at Lowman,44.08242,-115.61313
550,,2020-09-15 04:30:00-06:00,343.0,,South Fork Payette at Lowman,44.08242,-115.61313
551,,2020-09-15 04:45:00-06:00,349.0,,South Fork Payette at Lowman,44.08242,-115.61313
552,,2020-09-15 05:00:00-06:00,343.0,,South Fork Payette at Lowman,44.08242,-115.61313
553,,2020-09-15 05:15:00-06:00,343.0,,South Fork Payette at Lowman,44.08242,-115.61313
554,,2020-09-15 05:30:00-06:00,343.0,,South Fork Payette at Lowman,44.08242,-115.61313
555,,2020-09-15 05:45:00-06:00,349.0,,South Fork Payette at Lowman,44.08242,-115.61313
556,,2020-09-15 06:00:00-06:00,343.0,,South Fork Payette at Lowman,44.08242,-115.61313
557,,2020-09-15 06:15:00-06:00,343.0,,South Fork Payette at Lowman,44.08242,-115.61313
558,,2020-09-15 06:30:00-06:00,349.0,,South Fork Payette at Lowman,44.08242,-115.61313
559,,2020-09-15 06:45:00-06:00,349.0,,South Fork Payette at Lowman,44.08242,-115.61313
560,,2020-09-15 07:00:00-06:00,343.0,,South Fork Payette at Lowman,44.08242,-115.61313
561,,2020-09-15 07:15:00-06:00,349.0,,South Fork Payette at Lowman,44.08242,-115.61313
562,,2020-09-15 07:30:00-06:00,349.0,,South Fork Payette at Lowman,44.08242,-115.61313
563,,2020-09-15 07:45:00-06:00,349.0,,South Fork Payette at Lowman,44.08242,-115.61313
564,,2020-09-15 08:00:00-06:00,349.0,,South Fork Payette at Lowman,44.08242,-115.61313
565,,2020-09-15 08:15:00-06:00,349.0,,South Fork Payette at Lowman,44.08242,-115.61313
566,,2020-09-15 08:30:00-06:00,349.0,,South Fork Payette at Lowman,44.08242,-115.61313
567,,2020-09-15 08:45:00-06:00,349.0,,South Fork Payette at Lowman,44.08242,-115.61313
568,,2020-09-15 09:00:00-06:00,349.0,,South Fork Payette at Lowman,44.08242,-115.61313
569,,2020-09-15 09:15:00-06:00,355.0,,South Fork Payette at Lowman,44.08242,-115.61313
570,,2020-09-15 09:30:00-06:00,355.0,,South Fork Payette at Lowman,44.08242,-115.61313
571,,2020-09-15 09:45:00-06:00,355.0,,South Fork Payette at Lowman,44.08242,-115.61313
572,,2020-09-15 10:00:00-06:00,349.0,,South Fork Payette at Lowman,44.08242,-115.61313
573,,2020-09-15 10:15:00-06:00,355.0,,South Fork Payette at Lowman,44.08242,-115.61313
574,,2020-09-15 10:30:00-06:00,349.0,,South Fork Payette at Lowman,44.08242,-115.61313
575,,2020-09-15 10:45:00-06:00,349.0,,South Fork Payette at Lowman,44.08242,-115.61313
576,,2020-09-15 11:00:00-06:00,355.0,,South Fork Payette at Lowman,44.08242,-115.61313
577,,2020-09-15 11:15:00-06:00,349.0,,South Fork Payette at Lowman,44.08242,-115.61313
578,,2020-09-15 11:30:00-06:00,349.0,,South Fork Payette at Lowman,44.08242,-115.61313
579,,2020-09-15 11:45:00-06:00,349.0,,South Fork Payette at Lowman,44.08242,-115.61313
580,,2020-09-15 12:00:00-06:00,355.0,,South Fork Payette at Lowman,44.08242,-115.61313
581,,2020-09-15 12:15:00-06:00,355.0,,South Fork Payette at Lowman,44.08242,-115.61313
582,,2020-09-15 12:30:00-06:00,355.0,,South Fork Payette at Lowman,44.08242,-115.61313
583,,2020-09-15 12:45:00-06:00,355.0,,South Fork Payette at Lowman,44.08242,-115.61313
584,,2020-09-15 13:00:00-06:00,355.0,,South Fork Payette at Lowman,44.08242,-115.61313
585,,2020-09-15 13:15:00-06:00,355.0,,South Fork Payette at Lowman,44.08242,-115.61313
586,,2020-09-15 13:30:00-06:00,355.0,,South Fork Payette at Lowman,44.08242,-115.61313
587,,2020-09-15 13:45:00-06:00,349.0,,South Fork Payette at Lowman,44.08242,-115.61313
588,,2020-09-15 14:00:00-06:00,355.0,,South Fork Payette at Lowman,44.08242,-115.61313
589,,2020-09-15 14:15:00-06:00,355.0,,South Fork Payette at Lowman,44.08242,-115.61313
590,,2020-09-15 14:30:00-06:00,355.0,,South Fork Payette at Lowman,44.08242,-115.61313
591,,2020-09-15 14:45:00-06:00,349.0,,South Fork Payette at Lowman,44.08242,-115.61313
592,,2020-09-15 15:00:00-06:00,355.0,,South Fork Payette at Lowman,44.08242,-115.61313
593,,2020-09-15 15:15:00-06:00,355.0,,South Fork Payette at Lowman,44.08242,-115.61313
594,,2020-09-15 15:30:00-06:00,355.0,,South Fork Payette at Lowman,44.08242,-115.61313
595,,2020-09-15 15:45:00-06:00,355.0,,South Fork Payette at Lowman,44.08242,-115.61313
596,,2020-09-15 16:00:00-06:00,355.0,,South Fork Payette at Lowman,44.08242,-115.61313
597,,2020-09-15 16:15:00-06:00,361.0,,South Fork Payette at Lowman,44.08242,-115.61313
598,,2020-09-15 16:30:00-06:00,361.0,,South Fork Payette at Lowman,44.08242,-115.61313
599,,2020-09-15 16:45:00-06:00,355.0,,South Fork Payette at Lowman,44.08242,-115.61313
600,,2020-09-15 17:00:00-06:00,355.0,,South Fork Payette at Lowman,44.08242,-115.61313
601,,2020-09-15 17:15:00-06:00,355.0,,South Fork Payette at Lowman,44.08242,-115.61313
602,,2020-09-15 17:30:00-06:00,355.0,,South Fork Payette at Lowman,44.08242,-115.61313
603,,2020-09-15 17:45:00-06:00,355.0,,South Fork Payette at Lowman,44.08242,-115.61313
604,,2020-09-15 18:00:00-06:00,355.0,,South Fork Payette at Lowman,44.08242,-115.61313
605,,2020-09-15 18:15:00-06:00,355.0,,South Fork Payette at Lowman,44.08242,-115.61313
606,,2020-09-15 18:30:00-06:00,355.0,,South Fork Payette at Lowman,44.08242,-115.61313
607,,2020-09-15 18:45:00-06:00,355.0,,South Fork Payette at Lowman,44.08242,-115.61313
608,,2020-09-15 19:00:00-06:00,349.0,,South Fork Payette at Lowman,44.08242,-115.61313
609,,2020-09-15 19:15:00-06:00,355.0,,South Fork Payette at Lowman,44.08242,-115.61313
610,,2020-09-15 19:30:00-06:00,355.0,,South Fork Payette at Lowman,44.08242,-115.61313
611,,2020-09-15 19:45:00-06:00,355.0,,South Fork Payette at Lowman,44.08242,-115.61313
612,,2020-09-15 20:00:00-06:00,355.0,,South Fork Payette at Lowman,44.08242,-115.61313
613,,2020-09-15 20:15:00-06:00,355.0,,South Fork Payette at Lowman,44.08242,-115.61313
614,,2020-09-15 20:30:00-06:00,355.0,,South Fork Payette at Lowman,44.08242,-115.61313
615,,2020-09-15 20:45:00-06:00,349.0,,South Fork Payette at Lowman,44.08242,-115.61313
616,,2020-09-15 21:00:00-06:00,349.0,,South Fork Payette at Lowman,44.08242,-115.61313
617,,2020-09-15 21:15:00-06:00,349.0,,South Fork Payette at Lowman,44.08242,-115.61313
618,,2020-09-15 21:30:00-06:00,349.0,,South Fork Payette at Lowman,44.08242,-115.61313
619,,2020-09-15 21:45:00-06:00,349.0,,South Fork Payette at Lowman,44.08242,-115.61313
620,,2020-09-15 22:00:00-06:00,349.0,,South Fork Payette at Lowman,44.08242,-115.61313
621,,2020-09-15 22:15:00-06:00,349.0,,South Fork Payette at Lowman,44.08242,-115.61313
622,,2020-09-15 22:30:00-06:00,343.0,,South Fork Payette at Lowman,44.08242,-115.61313
623,,2020-09-15 22:45:00-06:00,349.0,,South Fork Payette at Lowman,44.08242,-115.61313
624,,2020-09-15 23:00:00-06:00,349.0,,South Fork Payette at Lowman,44.08242,-115.61313
625,,2020-09-15 23:15:00-06:00,349.0,,South Fork Payette at Lowman,44.08242,-115.61313
626,,2020-09-15 23:30:00-06:00,343.0,,South Fork Payette at Lowman,44.08242,-115.61313
627,,2020-09-15 23:45:00-06:00,343.0,,South Fork Payette at Lowman,44.08242,-115.61313
628,,2020-09-16 00:00:00-06:00,343.0,,South Fork Payette at Lowman,44.08242,-115.61313
629,,2020-09-16 00:15:00-06:00,349.0,,South Fork Payette at Lowman,44.08242,-115.61313
630,,2020-09-16 00:30:00-06:00,343.0,,South Fork Payette at Lowman,44.08242,-115.61313
631,,2020-09-16 00:45:00-06:00,343.0,,South Fork Payette at Lowman,44.08242,-115.61313
632,,2020-09-16 01:00:00-06:00,343.0,,South Fork Payette at Lowman,44.08242,-115.61313
633,,2020-09-16 01:15:00-06:00,343.0,,South Fork Payette at Lowman,44.08242,-115.61313
634,,2020-09-16 01:30:00-06:00,343.0,,South Fork Payette at Lowman,44.08242,-115.61313
635,,2020-09-16 01:45:00-06:00,343.0,,South Fork Payette at Lowman,44.08242,-115.61313
636,,2020-09-16 02:00:00-06:00,343.0,,South Fork Payette at Lowman,44.08242,-115.61313
637,,2020-09-16 02:15:00-06:00,343.0,,South Fork Payette at Lowman,44.08242,-115.61313
638,,2020-09-16 02:30:00-06:00,343.0,,South Fork Payette at Lowman,44.08242,-115.61313
639,,2020-09-16 02:45:00-06:00,343.0,,South Fork Payette at Lowman,44.08242,-115.61313
640,,2020-09-16 03:00:00-06:00,343.0,,South Fork Payette at Lowman,44.08242,-115.61313
641,,2020-09-16 03:15:00-06:00,343.0,,South Fork Payette at Lowman,44.08242,-115.61313
642,,2020-09-16 03:30:00-06:00,343.0,,South Fork Payette at Lowman,44.08242,-115.61313
643,,2020-09-16 03:45:00-06:00,337.0,,South Fork Payette at Lowman,44.08242,-115.61313
644,,2020-09-16 04:00:00-06:00,349.0,,South Fork Payette at Lowman,44.08242,-115.61313
645,,2020-09-16 04:15:00-06:00,343.0,,South Fork Payette at Lowman,44.08242,-115.61313
646,,2020-09-16 04:30:00-06:00,343.0,,South Fork Payette at Lowman,44.08242,-115.61313
647,,2020-09-16 04:45:00-06:00,349.0,,South Fork Payette at Lowman,44.08242,-115.61313
648,,2020-09-16 05:00:00-06:00,343.0,,South Fork Payette at Lowman,44.08242,-115.61313
649,,2020-09-16 05:15:00-06:00,343.0,,South Fork Payette at Lowman,44.08242,-115.61313
650,,2020-09-16 05:30:00-06:00,349.0,,South Fork Payette at Lowman,44.08242,-115.61313
651,,2020-09-16 05:45:00-06:00,343.0,,South Fork Payette at Lowman,44.08242,-115.61313
652,,2020-09-16 06:00:00-06:00,343.0,,South Fork Payette at Lowman,44.08242,-115.61313
653,,2020-09-16 06:15:00-06:00,343.0,,South Fork Payette at Lowman,44.08242,-115.61313
654,,2020-09-16 06:30:00-06:00,343.0,,South Fork Payette at Lowman,44.08242,-115.61313
655,,2020-09-16 06:45:00-06:00,349.0,,South Fork Payette at Lowman,44.08242,-115.61313
656,,2020-09-16 07:00:00-06:00,343.0,,South Fork Payette at Lowman,44.08242,-115.61313
657,,2020-09-16 07:15:00-06:00,343.0,,South Fork Payette at Lowman,44.08242,-115.61313
658,,2020-09-16 07:30:00-06:00,343.0,,South Fork Payette at Lowman,44.08242,-115.61313
659,,2020-09-16 07:45:00-06:00,349.0,,South Fork Payette at Lowman,44.08242,-115.61313
660,,2020-09-16 08:00:00-06:00,349.0,,South Fork Payette at Lowman,44.08242,-115.61313
661,,2020-09-16 08:15:00-06:00,349.0,,South Fork Payette at Lowman,44.08242,-115.61313
662,,2020-09-16 08:30:00-06:00,349.0,,South Fork Payette at Lowman,44.08242,-115.61313
663,,2020-09-16 08:45:00-06:00,349.0,,South Fork Payette at Lowman,44.08242,-115.61313
664,,2020-09-16 09:00:00-06:00,349.0,,South Fork Payette at Lowman,44.08242,-115.61313
665,,2020-09-16 09:15:00-06:00,355.0,,South Fork Payette at Lowman,44.08242,-115.61313
666,,2020-09-16 09:30:00-06:00,349.0,,South Fork Payette at Lowman,44.08242,-115.61313
667,,2020-09-16 09:45:00-06:00,349.0,,South Fork Payette at Lowman,44.08242,-115.61313
668,,2020-09-16 10:00:00-06:00,355.0,,South Fork Payette at Lowman,44.08242,-115.61313
669,,2020-09-16 10:15:00-06:00,355.0,,South Fork Payette at Lowman,44.08242,-115.61313
670,,2020-09-16 10:30:00-06:00,349.0,,South Fork Payette at Lowman,44.08242,-115.61313
671,,2020-09-16 10:45:00-06:00,349.0,,South Fork Payette at Lowman,44.08242,-115.61313
672,,2020-09-16 11:00:00-06:00,349.0,,South Fork Payette at Lowman,44.08242,-115.61313
673,,2020-09-16 11:15:00-06:00,349.0,,South Fork Payette at Lowman,44.08242,-115.61313
674,,2020-09-16 11:30:00-06:00,355.0,,South Fork Payette at Lowman,44.08242,-115.61313
675,,2020-09-16 11:45:00-06:00,355.0,,South Fork Payette at Lowman,44.08242,-115.61313
676,,2020-09-16 12:00:00-06:00,355.0,,South Fork Payette at Lowman,44.08242,-115.61313
677,,2020-09-16 12:15:00-06:00,355.0,,South Fork Payette at Lowman,44.08242,-115.61313
678,,2020-09-16 12:30:00-06:00,355.0,,South Fork Payette at Lowman,44.08242,-115.61313
679,,2020-09-16 12:45:00-06:00,355.0,,South Fork Payette at Lowman,44.08242,-115.61313
680,,2020-09-16 13:00:00-06:00,355.0,,South Fork Payette at Lowman,44.08242,-115.61313
681,,2020-09-16 13:15:00-06:00,349.0,,South Fork Payette at Lowman,44.08242,-115.61313
682,,2020-09-16 13:30:00-06:00,355.0,,South Fork Payette at Lowman,44.08242,-115.61313
683,,2020-09-16 13:45:00-06:00,355.0,,South Fork Payette at Lowman,44.08242,-115.61313
684,,2020-09-16 14:00:00-06:00,355.0,,South Fork Payette at Lowman,44.08242,-115.61313
685,,2020-09-16 14:15:00-06:00,355.0,,South Fork Payette at Lowman,44.08242,-115.61313
686,,2020-09-16 14:30:00-06:00,355.0,,South Fork Payette at Lowman,44.08242,-115.61313
687,,2020-09-16 14:45:00-06:00,355.0,,South Fork Payette at Lowman,44.08242,-115.61313
688,,2020-09-16 15:00:00-06:00,349.0,,South Fork Payette at Lowman,44.08242,-115.61313
689,,2020-09-16 15:15:00-06:00,355.0,,South Fork Payette at Lowman,44.08242,-115.61313
690,,2020-09-16 15:30:00-06:00,355.0,,South Fork Payette at Lowman,44.08242,-115.61313
691,,2020-09-16 15:45:00-06:00,355.0,,South Fork Payette at Lowman,44.08242,-115.61313
692,,2020-09-16 16:00:00-06:00,355.0,,South Fork Payette at Lowman,44.08242,-115.61313
693,,2020-09-16 16:15:00-06:00,355.0,,South Fork Payette at Lowman,44.08242,-115.61313
694,,2020-09-16 16:30:00-06:00,355.0,,South Fork Payette at Lowman,44.08242,-115.61313
695,,2020-09-16 16:45:00-06:00,355.0,,South Fork Payette at Lowman,44.08242,-115.61313
696,,2020-09-16 17:00:00-06:00,355.0,,South Fork Payette at Lowman,44.08242,-115.61313
697,,2020-09-16 17:15:00-06:00,355.0,,South Fork Payette at Lowman,44.08242,-115.61313
698,,2020-09-16 17:30:00-06:00,355.0,,South Fork Payette at Lowman,44.08242,-115.61313
699,,2020-09-16 17:45:00-06:00,355.0,,South Fork Payette at Lowman,44.08242,-115.61313
700,,2020-09-16 18:00:00-06:00,355.0,,South Fork Payette at Lowman,44.08242,-115.61313
701,,2020-09-16 18:15:00-06:00,355.0,,South Fork Payette at Lowman,44.08242,-115.61313
702,,2020-09-16 18:30:00-06:00,355.0,,South Fork Payette at Lowman,44.08242,-115.61313
703,,2020-09-16 18:45:00-06:00,355.0,,South Fork Payette at Lowman,44.08242,-115.61313
704,,2020-09-16 19:00:00-06:00,343.0,,South Fork Payette at Lowman,44.08242,-115.61313
705,,2020-09-16 19:15:00-06:00,355.0,,South Fork Payette at Lowman,44.08242,-115.61313
706,,2020-09-16 19:30:00-06:00,355.0,,South Fork Payette at Lowman,44.08242,-115.61313
707,,2020-09-16 19:45:00-06:00,349.0,,South Fork Payette at Lowman,44.08242,-115.61313
708,,2020-09-16 20:00:00-06:00,349.0,,South Fork Payette at Lowman,44.08242,-115.61313
709,,2020-09-16 20:15:00-06:00,349.0,,South Fork Payette at Lowman,44.08242,-115.61313
710,,2020-09-16 20:30:00-06:00,343.0,,South Fork Payette at Lowman,44.08242,-115.61313
711,,2020-09-16 20:45:00-06:00,349.0,,South Fork Payette at Lowman,44.08242,-115.61313
712,,2020-09-16 21:00:00-06:00,343.0,,South Fork Payette at Lowman,44.08242,-115.61313
713,,2020-09-16 21:15:00-06:00,349.0,,South Fork Payette at Lowman,44.08242,-115.61313
714,,2020-09-16 21:30:00-06:00,349.0,,South Fork Payette at Lowman,44.08242,-115.61313
715,,2020-09-16 21:45:00-06:00,349.0,,South Fork Payette at Lowman,44.08242,-115.61313
716,,2020-09-16 22:00:00-06:00,349.0,,South Fork Payette at Lowman,44.08242,-115.61313
717,,2020-09-16 22:15:00-06:00,343.0,,South Fork Payette at Lowman,44.08242,-115.61313
718,,2020-09-16 22:30:00-06:00,343.0,,South Fork Payette at Lowman,44.08242,-115.61313
719,,2020-09-16 22:45:00-06:00,343.0,,South Fork Payette at Lowman,44.08242,-115.61313
720,,2020-09-16 23:00:00-06:00,343.0,,South Fork Payette at Lowman,44.08242,-115.61313
721,,2020-09-16 23:15:00-06:00,343.0,,South Fork Payette at Lowman,44.08242,-115.61313
722,,2020-09-16 23:30:00-06:00,343.0,,South Fork Payette at Lowman,44.08242,-115.61313
723,,2020-09-16 23:45:00-06:00,343.0,,South Fork Payette at Lowman,44.08242,-115.61313
724,,2020-09-17 00:00:00-06:00,343.0,,South Fork Payette at Lowman,44.08242,-115.61313
725,,2020-09-17 00:15:00-06:00,343.0,,South Fork Payette at Lowman,44.08242,-115.61313
726,,2020-09-17 00:30:00-06:00,343.0,,South Fork Payette at Lowman,44.08242,-115.61313
727,,2020-09-17 00:45:00-06:00,343.0,,South Fork Payette at Lowman,44.08242,-115.61313
728,,2020-09-17 01:00:00-06:00,343.0,,South Fork Payette at Lowman,44.08242,-115.61313
729,,2020-09-17 01:15:00-06:00,337.0,,South Fork Payette at Lowman,44.08242,-115.61313
730,,2020-09-17 01:30:00-06:00,343.0,,South Fork Payette at Lowman,44.08242,-115.61313
731,,2020-09-17 01:45:00-06:00,343.0,,South Fork Payette at Lowman,44.08242,-115.61313
732,,2020-09-17 02:00:00-06:00,337.0,,South Fork Payette at Lowman,44.08242,-115.61313
733,,2020-09-17 02:15:00-06:00,337.0,,South Fork Payette at Lowman,44.08242,-115.61313
734,,2020-09-17 02:30:00-06:00,343.0,,South Fork Payette at Lowman,44.08242,-115.61313
735,,2020-09-17 02:45:00-06:00,343.0,,South Fork Payette at Lowman,44.08242,-115.61313
736,,2020-09-17 03:00:00-06:00,343.0,,South Fork Payette at Lowman,44.08242,-115.61313
737,,2020-09-17 03:15:00-06:00,343.0,,South Fork Payette at Lowman,44.08242,-115.61313
738,,2020-09-17 03:30:00-06:00,337.0,,South Fork Payette at Lowman,44.08242,-115.61313
739,,2020-09-17 03:45:00-06:00,337.0,,South Fork Payette at Lowman,44.08242,-115.61313
740,,2020-09-17 04:00:00-06:00,343.0,,South Fork Payette at Lowman,44.08242,-115.61313
741,,2020-09-17 04:15:00-06:00,343.0,,South Fork Payette at Lowman,44.08242,-115.61313
742,,2020-09-17 04:30:00-06:00,343.0,,South Fork Payette at Lowman,44.08242,-115.61313
743,,2020-09-17 04:45:00-06:00,343.0,,South Fork Payette at Lowman,44.08242,-115.61313
744,,2020-09-17 05:00:00-06:00,343.0,,South Fork Payette at Lowman,44.08242,-115.61313
745,,2020-09-17 05:15:00-06:00,343.0,,South Fork Payette at Lowman,44.08242,-115.61313
746,,2020-09-17 05:30:00-06:00,343.0,,South Fork Payette at Lowman,44.08242,-115.61313
747,,2020-09-17 05:45:00-06:00,343.0,,South Fork Payette at Lowman,44.08242,-115.61313
748,,2020-09-17 06:00:00-06:00,343.0,,South Fork Payette at Lowman,44.08242,-115.61313
749,,2020-09-17 06:15:00-06:00,343.0,,South Fork Payette at Lowman,44.08242,-115.61313
750,,2020-09-17 06:30:00-06:00,343.0,,South Fork Payette at Lowman,44.08242,-115.61313
751,,2020-09-17 06:45:00-06:00,337.0,,South Fork Payette at Lowman,44.08242,-115.61313
752,,2020-09-17 07:00:00-06:00,343.0,,South Fork Payette at Lowman,44.08242,-115.61313
753,,2020-09-17 07:15:00-06:00,343.0,,South Fork Payette at Lowman,44.08242,-115.61313
754,,2020-09-17 07:30:00-06:00,349.0,,South Fork Payette at Lowman,44.08242,-115.61313
755,,2020-09-17 07:45:00-06:00,343.0,,South Fork Payette at Lowman,44.08242,-115.61313
756,,2020-09-17 08:00:00-06:00,349.0,,South Fork Payette at Lowman,44.08242,-115.61313
757,,2020-09-17 08:15:00-06:00,343.0,,South Fork Payette at Lowman,44.08242,-115.61313
758,,2020-09-17 08:30:00-06:00,349.0,,South Fork Payette at Lowman,44.08242,-115.61313
759,,2020-09-17 08:45:00-06:00,343.0,,South Fork Payette at Lowman,44.08242,-115.61313
760,,2020-09-17 09:00:00-06:00,343.0,,South Fork Payette at Lowman,44.08242,-115.61313
761,,2020-09-17 09:15:00-06:00,349.0,,South Fork Payette at Lowman,44.08242,-115.61313
762,,2020-09-17 09:30:00-06:00,349.0,,South Fork Payette at Lowman,44.08242,-115.61313
763,,2020-09-17 09:45:00-06:00,349.0,,South Fork Payette at Lowman,44.08242,-115.61313
764,,2020-09-17 10:00:00-06:00,349.0,,South Fork Payette at Lowman,44.08242,-115.61313
765,,2020-09-17 10:15:00-06:00,349.0,,South Fork Payette at Lowman,44.08242,-115.61313
766,,2020-09-17 10:30:00-06:00,349.0,,South Fork Payette at Lowman,44.08242,-115.61313
767,,2020-09-17 10:45:00-06:00,355.0,,South Fork Payette at Lowman,44.08242,-115.61313
768,,2020-09-17 11:00:00-06:00,349.0,,South Fork Payette at Lowman,44.08242,-115.61313
769,,2020-09-17 11:15:00-06:00,349.0,,South Fork Payette at Lowman,44.08242,-115.61313
770,,2020-09-17 11:30:00-06:00,349.0,,South Fork Payette at Lowman,44.08242,-115.61313
771,,2020-09-17 11:45:00-06:00,349.0,,South Fork Payette at Lowman,44.08242,-115.61313
772,,2020-09-17 12:00:00-06:00,343.0,,South Fork Payette at Lowman,44.08242,-115.61313
773,,2020-09-17 12:15:00-06:00,349.0,,South Fork Payette at Lowman,44.08242,-115.61313
774,,2020-09-17 12:30:00-06:00,349.0,,South Fork Payette at Lowman,44.08242,-115.61313
775,,2020-09-17 12:45:00-06:00,343.0,,South Fork Payette at Lowman,44.08242,-115.61313
776,,2020-09-17 13:00:00-06:00,349.0,,South Fork Payette at Lowman,44.08242,-115.61313
777,,2020-09-17 13:15:00-06:00,355.0,,South Fork Payette at Lowman,44.08242,-115.61313
778,,2020-09-17 13:30:00-06:00,349.0,,South Fork Payette at Lowman,44.08242,-115.61313
779,,2020-09-17 13:45:00-06:00,349.0,,South Fork Payette at Lowman,44.08242,-115.61313
780,,2020-09-17 14:00:00-06:00,355.0,,South Fork Payette at Lowman,44.08242,-115.61313
781,,2020-09-17 14:15:00-06:00,355.0,,South Fork Payette at Lowman,44.08242,-115.61313
782,,2020-09-17 14:30:00-06:00,355.0,,South Fork Payette at Lowman,44.08242,-115.61313
783,,2020-09-17 14:45:00-06:00,349.0,,South Fork Payette at Lowman,44.08242,-115.61313
784,,2020-09-17 15:00:00-06:00,349.0,,South Fork Payette at Lowman,44.08242,-115.61313
785,,2020-09-17 15:15:00-06:00,349.0,,South Fork Payette at Lowman,44.08242,-115.61313
786,,2020-09-17 15:30:00-06:00,349.0,,South Fork Payette at Lowman,44.08242,-115.61313
787,,2020-09-17 15:45:00-06:00,355.0,,South Fork Payette at Lowman,44.08242,-115.61313
788,,2020-09-17 16:00:00-06:00,355.0,,South Fork Payette at Lowman,44.08242,-115.61313
789,,2020-09-17 16:15:00-06:00,355.0,,South Fork Payette at Lowman,44.08242,-115.61313
790,,2020-09-17 16:30:00-06:00,349.0,,South Fork Payette at Lowman,44.08242,-115.61313
791,,2020-09-17 16:45:00-06:00,349.0,,South Fork Payette at Lowman,44.08242,-115.61313
792,,2020-09-17 17:00:00-06:00,349.0,,South Fork Payette at Lowman,44.08242,-115.61313
793,,2020-09-17 17:15:00-06:00,349.0,,South Fork Payette at Lowman,44.08242,-115.61313
794,,2020-09-17 17:30:00-06:00,349.0,,South Fork Payette at Lowman,44.08242,-115.61313
795,,2020-09-17 17:45:00-06:00,349.0,,South Fork Payette at Lowman,44.08242,-115.61313
796,,2020-09-17 18:00:00-06:00,349.0,,South Fork Payette at Lowman,44.08242,-115.61313
797,,2020-09-17 18:15:00-06:00,349.0,,South Fork Payette at Lowman,44.08242,-115.61313
798,,2020-09-17 18:30:00-06:00,349.0,,South Fork Payette at Lowman,44.08242,-115.61313
799,,2020-09-17 18:45:00-06:00,349.0,,South Fork Payette at Lowman,44.08242,-115.61313
800,,2020-09-17 19:00:00-06:00,343.0,,South Fork Payette at Lowman,44.08242,-115.61313
801,,2020-09-17 19:15:00-06:00,349.0,,South Fork Payette at Lowman,44.08242,-115.61313
802,,2020-09-17 19:30:00-06:00,349.0,,South Fork Payette at Lowman,44.08242,-115.61313
803,,2020-09-17 19:45:00-06:00,349.0,,South Fork Payette at Lowman,44.08242,-115.61313
804,,2020-09-17 20:00:00-06:00,349.0,,South Fork Payette at Lowman,44.08242,-115.61313
805,,2020-09-17 20:15:00-06:00,349.0,,South Fork Payette at Lowman,44.08242,-115.61313
806,,2020-09-17 20:30:00-06:00,349.0,,South Fork Payette at Lowman,44.08242,-115.61313
807,,2020-09-17 20:45:00-06:00,349.0,,South Fork Payette at Lowman,44.08242,-115.61313
808,,2020-09-17 21:00:00-06:00,349.0,,South Fork Payette at Lowman,44.08242,-115.61313
809,,2020-09-17 21:15:00-06:00,349.0,,South Fork Payette at Lowman,44.08242,-115.61313
810,,2020-09-17 21:30:00-06:00,343.0,,South Fork Payette at Lowman,44.08242,-115.61313
811,,2020-09-17 21:45:00-06:00,349.0,,South Fork Payette at Lowman,44.08242,-115.61313
812,,2020-09-17 22:00:00-06:00,343.0,,South Fork Payette at Lowman,44.08242,-115.61313
813,,2020-09-17 22:15:00-06:00,343.0,,South Fork Payette at Lowman,44.08242,-115.61313
814,,2020-09-17 22:30:00-06:00,337.0,,South Fork Payette at Lowman,44.08242,-115.61313
815,,2020-09-17 22:45:00-06:00,343.0,,South Fork Payette at Lowman,44.08242,-115.61313
816,,2020-09-17 23:00:00-06:00,343.0,,South Fork Payette at Lowman,44.08242,-115.61313
817,,2020-09-17 23:15:00-06:00,343.0,,South Fork Payette at Lowman,44.08242,-115.61313
818,,2020-09-17 23:30:00-06:00,332.0,,South Fork Payette at Lowman,44.08242,-115.61313
819,,2020-09-17 23:45:00-06:00,343.0,,South Fork Payette at Lowman,44.08242,-115.61313
820,,2020-09-18 00:00:00-06:00,337.0,,South Fork Payette at Lowman,44.08242,-115.61313
821,,2020-09-18 00:15:00-06:00,343.0,,South Fork Payette at Lowman,44.08242,-115.61313
822,,2020-09-18 00:30:00-06:00,337.0,,South Fork Payette at Lowman,44.08242,-115.61313
823,,2020-09-18 00:45:00-06:00,337.0,,South Fork Payette at Lowman,44.08242,-115.61313
824,,2020-09-18 01:00:00-06:00,343.0,,South Fork Payette at Lowman,44.08242,-115.61313
825,,2020-09-18 01:15:00-06:00,337.0,,South Fork Payette at Lowman,44.08242,-115.61313
826,,2020-09-18 01:30:00-06:00,337.0,,South Fork Payette at Lowman,44.08242,-115.61313
827,,2020-09-18 01:45:00-06:00,337.0,,South Fork Payette at Lowman,44.08242,-115.61313
828,,2020-09-18 02:00:00-06:00,337.0,,South Fork Payette at Lowman,44.08242,-115.61313
829,,2020-09-18 02:15:00-06:00,337.0,,South Fork Payette at Lowman,44.08242,-115.61313
830,,2020-09-18 02:30:00-06:00,337.0,,South Fork Payette at Lowman,44.08242,-115.61313
831,,2020-09-18 02:45:00-06:00,337.0,,South Fork Payette at Lowman,44.08242,-115.61313
832,,2020-09-18 03:00:00-06:00,337.0,,South Fork Payette at Lowman,44.08242,-115.61313
833,,2020-09-18 03:15:00-06:00,337.0,,South Fork Payette at Lowman,44.08242,-115.61313
834,,2020-09-18 03:30:00-06:00,337.0,,South Fork Payette at Lowman,44.08242,-115.61313
835,,2020-09-18 03:45:00-06:00,337.0,,South Fork Payette at Lowman,44.08242,-115.61313
836,,2020-09-18 04:00:00-06:00,337.0,,South Fork Payette at Lowman,44.08242,-115.61313
837,,2020-09-18 04:15:00-06:00,337.0,,South Fork Payette at Lowman,44.08242,-115.61313
838,,2020-09-18 04:30:00-06:00,343.0,,South Fork Payette at Lowman,44.08242,-115.61313
839,,2020-09-18 04:45:00-06:00,337.0,,South Fork Payette at Lowman,44.08242,-115.61313
840,,2020-09-18 05:00:00-06:00,337.0,,South Fork Payette at Lowman,44.08242,-115.61313
841,,2020-09-18 05:15:00-06:00,337.0,,South Fork Payette at Lowman,44.08242,-115.61313
842,,2020-09-18 05:30:00-06:00,337.0,,South Fork Payette at Lowman,44.08242,-115.61313
843,,2020-09-18 05:45:00-06:00,337.0,,South Fork Payette at Lowman,44.08242,-115.61313
844,,2020-09-18 06:00:00-06:00,337.0,,South Fork Payette at Lowman,44.08242,-115.61313
845,,2020-09-18 06:15:00-06:00,343.0,,South Fork Payette at Lowman,44.08242,-115.61313
846,,2020-09-18 06:30:00-06:00,337.0,,South Fork Payette at Lowman,44.08242,-115.61313
847,,2020-09-18 06:45:00-06:00,343.0,,South Fork Payette at Lowman,44.08242,-115.61313
848,,2020-09-18 07:00:00-06:00,343.0,,South Fork Payette at Lowman,44.08242,-115.61313
849,,2020-09-18 07:15:00-06:00,337.0,,South Fork Payette at Lowman,44.08242,-115.61313
850,,2020-09-18 07:30:00-06:00,343.0,,South Fork Payette at Lowman,44.08242,-115.61313
851,,2020-09-18 07:45:00-06:00,343.0,,South Fork Payette at Lowman,44.08242,-115.61313
852,,2020-09-18 08:00:00-06:00,343.0,,South Fork Payette at Lowman,44.08242,-115.61313
853,,2020-09-18 08:15:00-06:00,337.0,,South Fork Payette at Lowman,44.08242,-115.61313
854,,2020-09-18 08:30:00-06:00,349.0,,South Fork Payette at Lowman,44.08242,-115.61313
855,,2020-09-18 08:45:00-06:00,343.0,,South Fork Payette at Lowman,44.08242,-115.61313
856,,2020-09-18 09:00:00-06:00,349.0,,South Fork Payette at Lowman,44.08242,-115.61313
857,,2020-09-18 09:15:00-06:00,343.0,,South Fork Payette at Lowman,44.08242,-115.61313
858,,2020-09-18 09:30:00-06:00,349.0,,South Fork Payette at Lowman,44.08242,-115.61313
859,,2020-09-18 09:45:00-06:00,343.0,,South Fork Payette at Lowman,44.08242,-115.61313
860,,2020-09-18 10:00:00-06:00,343.0,,South Fork Payette at Lowman,44.08242,-115.61313
861,,2020-09-18 10:15:00-06:00,343.0,,South Fork Payette at Lowman,44.08242,-115.61313
862,,2020-09-18 10:30:00-06:00,343.0,,South Fork Payette at Lowman,44.08242,-115.61313
863,,2020-09-18 10:45:00-06:00,343.0,,South Fork Payette at Lowman,44.08242,-115.61313
864,,2020-09-18 11:00:00-06:00,343.0,,South Fork Payette at Lowman,44.08242,-115.61313
865,,2020-09-18 11:15:00-06:00,349.0,,South Fork Payette at Lowman,44.08242,-115.61313
866,,2020-09-18 11:30:00-06:00,349.0,,South Fork Payette at Lowman,44.08242,-115.61313
867,,2020-09-18 11:45:00-06:00,343.0,,South Fork Payette at Lowman,44.08242,-115.61313
868,,2020-09-18 12:00:00-06:00,349.0,,South Fork Payette at Lowman,44.08242,-115.61313
869,,2020-09-18 12:15:00-06:00,349.0,,South Fork Payette at Lowman,44.08242,-115.61313
870,,2020-09-18 12:30:00-06:00,349.0,,South Fork Payette at Lowman,44.08242,-115.61313
871,,2020-09-18 12:45:00-06:00,349.0,,South Fork Payette at Lowman,44.08242,-115.61313
872,,2020-09-18 13:00:00-06:00,349.0,,South Fork Payette at Lowman,44.08242,-115.61313
873,,2020-09-18 13:15:00-06:00,349.0,,South Fork Payette at Lowman,44.08242,-115.61313
874,,2020-09-18 13:30:00-06:00,355.0,,South Fork Payette at Lowman,44.08242,-115.61313
875,,2020-09-18 13:45:00-06:00,349.0,,South Fork Payette at Lowman,44.08242,-115.61313
876,,2020-09-18 14:00:00-06:00,355.0,,South Fork Payette at Lowman,44.08242,-115.61313
877,,2020-09-18 14:15:00-06:00,355.0,,South Fork Payette at Lowman,44.08242,-115.61313
878,,2020-09-18 14:30:00-06:00,349.0,,South Fork Payette at Lowman,44.08242,-115.61313
879,,2020-09-18 14:45:00-06:00,349.0,,South Fork Payette at Lowman,44.08242,-115.61313
880,,2020-09-18 15:00:00-06:00,355.0,,South Fork Payette at Lowman,44.08242,-115.61313
881,,2020-09-18 15:15:00-06:00,349.0,,South Fork Payette at Lowman,44.08242,-115.61313
882,,2020-09-18 15:30:00-06:00,355.0,,South Fork Payette at Lowman,44.08242,-115.61313
883,,2020-09-18 15:45:00-06:00,355.0,,South Fork Payette at Lowman,44.08242,-115.61313
884,,2020-09-18 16:00:00-06:00,355.0,,South Fork Payette at Lowman,44.08242,-115.61313
885,,2020-09-18 16:15:00-06:00,355.0,,South Fork Payette at Lowman,44.08242,-115.61313
886,,2020-09-18 16:30:00-06:00,355.0,,South Fork Payette at Lowman,44.08242,-115.61313
887,,2020-09-18 16:45:00-06:00,349.0,,South Fork Payette at Lowman,44.08242,-115.61313
888,,2020-09-18 17:00:00-06:00,355.0,,South Fork Payette at Lowman,44.08242,-115.61313
889,,2020-09-18 17:15:00-06:00,355.0,,South Fork Payette at Lowman,44.08242,-115.61313
890,,2020-09-18 17:30:00-06:00,349.0,,South Fork Payette at Lowman,44.08242,-115.61313
891,,2020-09-18 17:45:00-06:00,355.0,,South Fork Payette at Lowman,44.08242,-115.61313
892,,2020-09-18 18:00:00-06:00,355.0,,South Fork Payette at Lowman,44.08242,-115.61313
893,,2020-09-18 18:15:00-06:00,355.0,,South Fork Payette at Lowman,44.08242,-115.61313
894,,2020-09-18 18:30:00-06:00,355.0,,South Fork Payette at Lowman,44.08242,-115.61313
895,,2020-09-18 18:45:00-06:00,355.0,,South Fork Payette at Lowman,44.08242,-115.61313
896,,2020-09-18 19:00:00-06:00,355.0,,South Fork Payette at Lowman,44.08242,-115.61313
897,,2020-09-18 19:15:00-06:00,355.0,,South Fork Payette at Lowman,44.08242,-115.61313
898,,2020-09-18 19:30:00-06:00,361.0,,South Fork Payette at Lowman,44.08242,-115.61313
899,,2020-09-18 19:45:00-06:00,355.0,,South Fork Payette at Lowman,44.08242,-115.61313
900,,2020-09-18 20:00:00-06:00,355.0,,South Fork Payette at Lowman,44.08242,-115.61313
901,,2020-09-18 20:15:00-06:00,355.0,,South Fork Payette at Lowman,44.08242,-115.61313
902,,2020-09-18 20:30:00-06:00,355.0,,South Fork Payette at Lowman,44.08242,-115.61313
903,,2020-09-18 20:45:00-06:00,355.0,,South Fork Payette at Lowman,44.08242,-115.61313
904,,2020-09-18 21:00:00-06:00,355.0,,South Fork Payette at Lowman,44.08242,-115.61313
905,,2020-09-18 21:15:00-06:00,355.0,,South Fork Payette at Lowman,44.08242,-115.61313
906,,2020-09-18 21:30:00-06:00,355.0,,South Fork Payette at Lowman,44.08242,-115.61313
907,,2020-09-18 21:45:00-06:00,355.0,,South Fork Payette at Lowman,44.08242,-115.61313
908,,2020-09-18 22:00:00-06:00,355.0,,South Fork Payette at Lowman,44.08242,-115.61313
909,,2020-09-18 22:15:00-06:00,361.0,,South Fork Payette at Lowman,44.08242,-115.61313
910,,2020-09-18 22:30:00-06:00,361.0,,South Fork Payette at Lowman,44.08242,-115.61313
911,,2020-09-18 22:45:00-06:00,355.0,,South Fork Payette at Lowman,44.08242,-115.61313
912,,2020-09-18 23:00:00-06:00,361.0,,South Fork Payette at Lowman,44.08242,-115.61313
913,,2020-09-18 23:15:00-06:00,361.0,,South Fork Payette at Lowman,44.08242,-115.61313
914,,2020-09-18 23:30:00-06:00,361.0,,South Fork Payette at Lowman,44.08242,-115.61313
915,,2020-09-18 23:45:00-06:00,361.0,,South Fork Payette at Lowman,44.08242,-115.61313
916,,2020-09-19 00:00:00-06:00,361.0,,South Fork Payette at Lowman,44.08242,-115.61313
917,,2020-09-19 00:15:00-06:00,361.0,,South Fork Payette at Lowman,44.08242,-115.61313
918,,2020-09-19 00:30:00-06:00,361.0,,South Fork Payette at Lowman,44.08242,-115.61313
919,,2020-09-19 00:45:00-06:00,367.0,,South Fork Payette at Lowman,44.08242,-115.61313
920,,2020-09-19 01:00:00-06:00,367.0,,South Fork Payette at Lowman,44.08242,-115.61313
921,,2020-09-19 01:15:00-06:00,367.0,,South Fork Payette at Lowman,44.08242,-115.61313
922,,2020-09-19 01:30:00-06:00,374.0,,South Fork Payette at Lowman,44.08242,-115.61313
923,,2020-09-19 01:45:00-06:00,374.0,,South Fork Payette at Lowman,44.08242,-115.61313
924,,2020-09-19 02:00:00-06:00,380.0,,South Fork Payette at Lowman,44.08242,-115.61313
925,,2020-09-19 02:15:00-06:00,380.0,,South Fork Payette at Lowman,44.08242,-115.61313
926,,2020-09-19 02:30:00-06:00,374.0,,South Fork Payette at Lowman,44.08242,-115.61313
927,,2020-09-19 02:45:00-06:00,380.0,,South Fork Payette at Lowman,44.08242,-115.61313
928,,2020-09-19 03:00:00-06:00,380.0,,South Fork Payette at Lowman,44.08242,-115.61313
929,,2020-09-19 03:15:00-06:00,380.0,,South Fork Payette at Lowman,44.08242,-115.61313
930,,2020-09-19 03:30:00-06:00,380.0,,South Fork Payette at Lowman,44.08242,-115.61313
931,,2020-09-19 03:45:00-06:00,386.0,,South Fork Payette at Lowman,44.08242,-115.61313
932,,2020-09-19 04:00:00-06:00,386.0,,South Fork Payette at Lowman,44.08242,-115.61313
933,,2020-09-19 04:15:00-06:00,386.0,,South Fork Payette at Lowman,44.08242,-115.61313
934,,2020-09-19 04:30:00-06:00,386.0,,South Fork Payette at Lowman,44.08242,-115.61313
935,,2020-09-19 04:45:00-06:00,386.0,,South Fork Payette at Lowman,44.08242,-115.61313
936,,2020-09-19 05:00:00-06:00,392.0,,South Fork Payette at Lowman,44.08242,-115.61313
937,,2020-09-19 05:15:00-06:00,392.0,,South Fork Payette at Lowman,44.08242,-115.61313
938,,2020-09-19 05:30:00-06:00,392.0,,South Fork Payette at Lowman,44.08242,-115.61313
939,,2020-09-19 05:45:00-06:00,386.0,,South Fork Payette at Lowman,44.08242,-115.61313
940,,2020-09-19 06:00:00-06:00,374.0,,South Fork Payette at Lowman,44.08242,-115.61313
941,,2020-09-19 06:15:00-06:00,374.0,,South Fork Payette at Lowman,44.08242,-115.61313
942,,2020-09-19 06:30:00-06:00,367.0,,South Fork Payette at Lowman,44.08242,-115.61313
943,,2020-09-19 06:45:00-06:00,374.0,,South Fork Payette at Lowman,44.08242,-115.61313
944,,2020-09-19 07:00:00-06:00,374.0,,South Fork Payette at Lowman,44.08242,-115.61313
945,,2020-09-19 07:15:00-06:00,374.0,,South Fork Payette at Lowman,44.08242,-115.61313
946,,2020-09-19 07:30:00-06:00,374.0,,South Fork Payette at Lowman,44.08242,-115.61313
947,,2020-09-19 07:45:00-06:00,374.0,,South Fork Payette at Lowman,44.08242,-115.61313
948,,2020-09-19 08:00:00-06:00,374.0,,South Fork Payette at Lowman,44.08242,-115.61313
949,,2020-09-19 08:15:00-06:00,380.0,,South Fork Payette at Lowman,44.08242,-115.61313
950,,2020-09-19 08:30:00-06:00,374.0,,South Fork Payette at Lowman,44.08242,-115.61313
951,,2020-09-19 08:45:00-06:00,374.0,,South Fork Payette at Lowman,44.08242,-115.61313
952,,2020-09-19 09:00:00-06:00,374.0,,South Fork Payette at Lowman,44.08242,-115.61313
953,,2020-09-19 09:15:00-06:00,374.0,,South Fork Payette at Lowman,44.08242,-115.61313
954,,2020-09-19 09:30:00-06:00,374.0,,South Fork Payette at Lowman,44.08242,-115.61313
955,,2020-09-19 09:45:00-06:00,374.0,,South Fork Payette at Lowman,44.08242,-115.61313
956,,2020-09-19 10:00:00-06:00,374.0,,South Fork Payette at Lowman,44.08242,-115.61313
957,,2020-09-19 10:15:00-06:00,367.0,,South Fork Payette at Lowman,44.08242,-115.61313
958,,2020-09-19 10:30:00-06:00,367.0,,South Fork Payette at Lowman,44.08242,-115.61313
959,,2020-09-19 16:58:35.386541,,367.0,South Fork Payette at Lowman,44.08242,-115.61313
960,,2020-09-20 16:58:35.386545,,999.0,South Fork Payette at Lowman,44.08242,-115.61313
961,,2020-09-21 16:58:35.386551,,888.0,South Fork Payette at Lowman,44.08242,-115.61313
962,,2020-09-22 16:58:35.386552,,777.0,South Fork Payette at Lowman,44.08242,-115.61313
